,gross
2020-01-01,0.0
2020-01-02,0.0
2020-01-03,0.0
2020-01-04,0.0
2020-01-05,0.0
2020-01-06,0.0
2020-01-07,0.0
2020-01-08,0.0
2020-01-09,0.0
2020-01-10,0.0
2020-01-11,0.0
2020-01-12,0.0
2020-01-13,0.0
2020-01-14,0.0
2020-01-15,0.0
2020-01-16,0.0
2020-01-17,0.0
2020-01-18,0.0
2020-01-19,0.0
2020-01-20,0.0
2020-01-21,0.0
2020-01-22,0.0
2020-01-23,0.0
2020-01-24,0.0
2020-01-25,0.0
2020-01-26,0.0
2020-01-27,0.0
2020-01-28,0.0
2020-01-29,0.0
2020-01-30,0.0
2020-01-31,0.0
2020-02-01,0.0
2020-02-02,0.0
2020-02-03,0.0
2020-02-04,0.0
2020-02-05,0.0
2020-02-06,0.0
2020-02-07,0.0
2020-02-08,0.0
2020-02-09,0.0
2020-02-10,0.0
2020-02-11,0.0
2020-02-12,0.0
2020-02-13,0.0
2020-02-14,0.0
2020-02-15,0.0
2020-02-16,0.0
2020-02-17,0.0
2020-02-18,0.0
2020-02-19,0.0
2020-02-20,0.0
2020-02-21,0.0
2020-02-22,0.0
2020-02-23,0.0
2020-02-24,0.0
2020-02-25,0.0
2020-02-26,0.0
2020-02-27,0.0
2020-02-28,0.0
2020-02-29,0.0
2020-03-01,0.0
2020-03-02,0.0
2020-03-03,0.0
2020-03-04,0.0
2020-03-05,0.0
2020-03-06,0.0
2020-03-07,0.0
2020-03-08,0.0
2020-03-09,0.0
2020-03-10,0.0
2020-03-11,0.0
2020-03-12,0.0
2020-03-13,0.0
2020-03-14,0.0
2020-03-15,0.0
2020-03-16,0.0
2020-03-17,0.0
2020-03-18,0.0
2020-03-19,0.0
2020-03-20,0.0
2020-03-21,0.0
2020-03-22,0.0
2020-03-23,0.0
2020-03-24,0.0
2020-03-25,0.0
2020-03-26,0.0
2020-03-27,0.0
2020-03-28,0.0
2020-03-29,0.0
2020-03-30,0.0
2020-03-31,0.0
2020-04-01,0.0
2020-04-02,0.0
2020-04-03,0.0
2020-04-04,0.0
2020-04-05,0.0
2020-04-06,0.0
2020-04-07,0.0
2020-04-08,0.0
2020-04-09,0.0
2020-04-10,0.0
2020-04-11,0.0
2020-04-12,0.0
2020-04-13,0.0
2020-04-14,0.0
2020-04-15,0.0
2020-04-16,0.0
2020-04-17,0.0
2020-04-18,0.0
2020-04-19,0.0
2020-04-20,0.0
2020-04-21,0.0
2020-04-22,0.0
2020-04-23,0.0
2020-04-24,0.0
2020-04-25,0.0
2020-04-26,0.0
2020-04-27,0.0
2020-04-28,0.0
2020-04-29,0.0
2020-04-30,0.0
2020-05-01,0.0
2020-05-02,0.0
2020-05-03,0.0
2020-05-04,0.0
2020-05-05,0.0
2020-05-06,0.0
2020-05-07,0.0
2020-05-08,10902.595673312819
2020-05-09,10896.780179025329
2020-05-10,11058.357776536672
2020-05-11,11128.423244787416
2020-05-12,16689.593935040193
2020-05-13,19127.35135727792
2020-05-14,21174.815745441927
2020-05-15,25621.29743937032
2020-05-16,25172.102195665517
2020-05-17,25863.854213175648
2020-05-18,26513.689963671728
2020-05-19,26961.615859112695
2020-05-20,26823.202487627957
2020-05-21,26103.51382700984
2020-05-22,25406.851295150027
2020-05-23,26481.504227040612
2020-05-24,26698.952139041947
2020-05-25,27139.006260928447
2020-05-26,28282.21609894096
2020-05-27,29418.09904762602
2020-05-28,30161.165230109207
2020-05-29,31300.540438907297
2020-05-30,31093.263641768142
2020-05-31,30254.30487436636
2020-06-01,28473.663550051115
2020-06-02,25707.718930907296
2020-06-03,24284.824639943414
2020-06-04,29168.641873993947
2020-06-05,23382.288294918853
2020-06-06,23272.331548505776
2020-06-07,23354.439416126246
2020-06-08,23243.884232264718
2020-06-09,23430.742872054914
2020-06-10,23341.401043507925
2020-06-11,23772.063426643355
2020-06-12,21920.70161401478
2020-06-13,22098.446781994793
2020-06-14,21742.75200190801
2020-06-15,21872.956291637467
2020-06-16,22990.98924190812
2020-06-17,23899.69455228502
2020-06-18,24029.26067932576
2020-06-19,23022.162966769807
2020-06-20,23290.641580882035
2020-06-21,23688.00145429798
2020-06-22,23788.827751520264
2020-06-23,25482.723000211277
2020-06-24,25483.219794385906
2020-06-25,25283.700061565847
2020-06-26,25385.910754489887
2020-06-27,25727.03693808887
2020-06-28,28899.94942088636
2020-06-29,33015.487923343644
2020-06-30,35543.9442949977
2020-07-01,38278.661157080016
2020-07-02,41400.506812448664
2020-07-03,43247.653985886616
2020-07-04,45276.050657298925
2020-07-05,46742.06600470541
2020-07-06,46832.73697583263
2020-07-07,47406.07667733776
2020-07-08,45545.53332046238
2020-07-09,41099.70356240486
2020-07-10,37501.46840736661
2020-07-11,36306.94552491581
2020-07-12,34764.40703864926
2020-07-13,33016.65167159918
2020-07-14,32324.46967147856
2020-07-15,32174.93998048426
2020-07-16,32041.826737840132
2020-07-17,28322.80552694106
2020-07-18,28479.325411265905
2020-07-19,28270.43911422364
2020-07-20,28082.433471248656
2020-07-21,26799.97664524641
2020-07-22,27603.961628527093
2020-07-23,27739.381303182887
2020-07-24,27422.68274342689
2020-07-25,26988.53104604854
2020-07-26,26932.258484120277
2020-07-27,26224.913957204775
2020-07-28,24754.113054647394
2020-07-29,24866.487143380153
2020-07-30,24472.92409304202
2020-07-31,24417.67328247328
2020-08-01,25092.24067317896
2020-08-02,25581.571662736005
2020-08-03,24087.930830706926
2020-08-04,24552.73282167351
2020-08-05,25122.922544023575
2020-08-06,25083.725757337575
2020-08-07,25363.33225247471
2020-08-08,24594.438302090617
2020-08-09,25227.562740155296
2020-08-10,25070.072058679474
2020-08-11,25415.523276059677
2020-08-12,23975.196385190404
2020-08-13,24554.377741012606
2020-08-14,24802.748247710027
2020-08-15,25163.335470846632
2020-08-16,25171.338916539273
2020-08-17,25234.55174611777
2020-08-18,25078.343978740017
2020-08-19,24378.624862257246
2020-08-20,23274.524797326205
2020-08-21,24357.95133523875
2020-08-22,22998.842894914007
2020-08-23,23762.18316321265
2020-08-24,23583.390634865696
2020-08-25,23698.694383966733
2020-08-26,22208.893260748515
2020-08-27,22630.338492794985
2020-08-28,22209.799283367982
2020-08-29,22867.611800796338
2020-08-30,23296.570062585302
2020-08-31,23794.006177663836
2020-09-01,23569.57096866561
2020-09-02,23833.586175992918
2020-09-03,22614.33304946336
2020-09-04,19756.684923711684
2020-09-05,20517.148420484384
2020-09-06,19146.67819387545
2020-09-07,19769.85861701853
2020-09-08,19921.044254670403
2020-09-09,20404.454900171524
2020-09-10,21361.759690509087
2020-09-11,24411.946794872423
2020-09-12,25417.190515746966
2020-09-13,26376.092601715565
2020-09-14,26310.519855770588
2020-09-15,26976.787755192243
2020-09-16,27502.432351030056
2020-09-17,29400.057174993646
2020-09-18,29631.396099594866
2020-09-19,29200.263730353487
2020-09-20,30022.491725378037
2020-09-21,32062.471787252813
2020-09-22,36008.06069416156
2020-09-23,41214.84924974671
2020-09-24,46056.45030906131
2020-09-25,45570.7834924479
2020-09-26,46428.77402258977
2020-09-27,46680.762209577544
2020-09-28,47087.54983427447
2020-09-29,46955.78834034356
2020-09-30,47727.48343134725
2020-10-01,47178.16661530194
2020-10-02,49224.1714498745
2020-10-03,49840.70513418209
2020-10-04,41769.302355307336
2020-10-05,42754.89717232498
2020-10-06,43025.93417189644
2020-10-07,43384.26572990802
2020-10-08,44680.18215203855
2020-10-09,49518.660140632695
2020-10-10,50864.26944357426
2020-10-11,51920.48598215245
2020-10-12,52389.86179555172
2020-10-13,51984.47141429604
2020-10-14,51175.14129123777
2020-10-15,50337.81107894191
2020-10-16,51603.79334668044
2020-10-17,51078.0858468749
2020-10-18,50206.231195223656
2020-10-19,50480.54141098386
2020-10-20,49465.19069002378
2020-10-21,48491.87069064039
2020-10-22,48759.64447867087
2020-10-23,42802.96288407517
2020-10-24,42022.92987597576
2020-10-25,40920.85324822035
2020-10-26,39242.78566421729
2020-10-27,38783.09960477249
2020-10-28,39366.59673176338
2020-10-29,38922.198200630526
2020-10-30,49286.39280987951
2020-10-31,50140.943499522626
2020-11-01,51879.42532431086
2020-11-02,53123.55160033441
2020-11-03,59049.24931260561
2020-11-04,62188.38923243703
2020-11-05,62767.286585449176
2020-11-06,71363.48862746816
2020-11-07,75308.68860734881
2020-11-08,71672.17023436165
2020-11-09,73479.14181484013
2020-11-10,72237.0512834866
2020-11-11,71589.40392914583
2020-11-12,69857.10899006116
2020-11-13,68659.71118102741
2020-11-14,66565.87131222468
2020-11-15,63983.93719963011
2020-11-16,62018.52747248287
2020-11-17,60914.20612394137
2020-11-18,59382.15685914551
2020-11-19,57427.065651359815
2020-11-20,61677.660559111006
2020-11-21,63065.40134464654
2020-11-22,58292.1709434894
2020-11-23,55325.78509926251
2020-11-24,53258.18072475175
2020-11-25,50118.14198307431
2020-11-26,46054.202517458776
2020-11-27,43030.86646677206
2020-11-28,42756.46044692786
2020-11-29,44042.61704722195
2020-11-30,44120.87871946002
2020-12-01,43798.90499845794
2020-12-02,45252.179633046006
2020-12-03,46087.70339373026
2020-12-04,51450.480874386725
2020-12-05,49316.3250157676
2020-12-06,49237.71601269689
2020-12-07,46919.309786964004
2020-12-08,44641.117159924404
2020-12-09,43291.41835983516
2020-12-10,44366.67385443756
2020-12-11,42808.868598751775
2020-12-12,44321.510818840245
2020-12-13,46131.486488260794
2020-12-14,47319.18460204577
2020-12-15,47650.41296557879
2020-12-16,47184.821411809586
2020-12-17,47767.90694862404
2020-12-18,46457.95221434997
2020-12-19,45101.958721941104
2020-12-20,43997.90079390588
2020-12-21,43287.32630092705
2020-12-22,42330.55159004317
2020-12-23,44944.04659578087
2020-12-24,46445.03838954818
2020-12-25,35551.30713157361
2020-12-26,36348.602433878325
2020-12-27,35945.581771934136
2020-12-28,35453.132941240394
2020-12-29,36437.365351867695
2020-12-30,35488.96896254251
2020-12-31,34832.188273978485
2021-01-01,46318.45206326725
2021-01-02,46780.23549499698
2021-01-03,47066.52570431854
2021-01-04,46161.89654928106
2021-01-05,44632.94448192089
2021-01-06,43677.96115646122
2021-01-07,42201.279220299475
2021-01-08,31584.52532870218
2021-01-09,30988.63086491192
2021-01-10,30676.104440027095
2021-01-11,29263.479292933756
2021-01-12,27018.169575134474
2021-01-13,27063.55665267159
2021-01-14,28804.29491804715
2021-01-15,28047.26186696597
2021-01-16,27065.54529343428
2021-01-17,26982.160517680153
2021-01-18,26845.615764121725
2021-01-19,26832.59929604187
2021-01-20,25816.550645663498
2021-01-21,26269.094056510166
2021-01-22,24276.3360352148
2021-01-23,25210.22444587794
2021-01-24,25342.28078801436
2021-01-25,25555.82998850297
2021-01-26,25276.636678959614
2021-01-27,25492.364866723587
2021-01-28,24523.300680419616
2021-01-29,25931.843407516662
2021-01-30,26283.44701678685
2021-01-31,26049.549686336195
2021-02-01,25539.19492948151
2021-02-02,26256.472581490292
2021-02-03,26479.75304851944
2021-02-04,27076.594694627118
2021-02-05,26683.036265604827
2021-02-06,27809.50540149271
2021-02-07,27319.76837461104
2021-02-08,26949.627115873074
2021-02-09,27885.620039167225
2021-02-10,28212.693970245127
2021-02-11,27884.966381242215
2021-02-12,28046.1168096615
2021-02-13,28777.156628621855
2021-02-14,28628.446629218008
2021-02-15,27571.2632192014
2021-02-16,27437.28035370298
2021-02-17,27470.110172734097
2021-02-18,28096.814512954155
2021-02-19,30353.605858281833
2021-02-20,30803.98098828468
2021-02-21,29777.562306107615
2021-02-22,30971.571296730177
2021-02-23,30026.342664959167
2021-02-24,28423.14258042281
2021-02-25,29546.254028500054
2021-02-26,27379.741754957606
2021-02-27,27581.468819569713
2021-02-28,28032.40936600312
2021-03-01,27296.32656755099
2021-03-02,28998.47024177708
2021-03-03,28525.871420235144
2021-03-04,29247.426047756147
2021-03-05,29618.811083553082
2021-03-06,29464.928445258018
2021-03-07,29696.04347248303
2021-03-08,30435.2531202025
2021-03-09,31065.196449167877
2021-03-10,31772.89232216259
2021-03-11,31151.409506626827
2021-03-12,31649.909704596703
2021-03-13,31313.770935136617
2021-03-14,32572.57929652777
2021-03-15,31957.115159853245
2021-03-16,31660.147483821638
2021-03-17,32599.979854565496
2021-03-18,33240.81506576224
2021-03-19,30954.875457313574
2021-03-20,31408.149014286046
2021-03-21,31351.502671971564
2021-03-22,31450.016175030276
2021-03-23,31270.95950267514
2021-03-24,31393.679203916432
2021-03-25,30316.396390308608
2021-03-26,31917.63206666844
2021-03-27,33108.81639775792
2021-03-28,32971.075341502474
2021-03-29,33295.6607363893
2021-03-30,35111.17862354985
2021-03-31,35263.60252702151
2021-04-01,36187.469873983566
2021-04-02,36537.40297393707
2021-04-03,37531.1388856279
2021-04-04,36270.806669478014
2021-04-05,37772.67839290961
2021-04-06,37674.63492419662
2021-04-07,38080.58420278245
2021-04-08,36816.26218514235
2021-04-09,38468.33841726611
2021-04-10,38972.49566444895
2021-04-11,39752.793535843164
2021-04-12,39938.2560487863
2021-04-13,39678.91558979575
2021-04-14,40479.3979178437
2021-04-15,40984.32481067298
2021-04-16,41942.72286839622
2021-04-17,41619.904835492685
2021-04-18,41106.44608409498
2021-04-19,39391.524906167826
2021-04-20,38183.89583040865
2021-04-21,39141.56750998792
2021-04-22,38166.351434251184
2021-04-23,37472.663774589695
2021-04-24,37696.26462297368
2021-04-25,37026.18051696904
2021-04-26,37658.59587444063
2021-04-27,39943.75717007331
2021-04-28,40694.71513494944
2021-04-29,40182.878086328215
2021-04-30,43061.22049906656
2021-05-01,44696.87648902356
2021-05-02,45011.020646795616
2021-05-03,44599.07146398041
2021-05-04,45571.39176768625
2021-05-05,43223.11648518346
2021-05-06,45725.62969668306
2021-05-07,42892.76714561686
2021-05-08,43080.276891680405
2021-05-09,43495.85802911132
2021-05-10,43148.1809637816
2021-05-11,41487.819426193266
2021-05-12,43536.78088801865
2021-05-13,39972.83503052328
2021-05-14,39531.97593964888
2021-05-15,40752.87412540231
2021-05-16,38880.827085380544
2021-05-17,39503.05575652085
2021-05-18,38472.712136474074
2021-05-19,39664.84315605073
2021-05-20,30000.387745696888
2021-05-21,31539.083684929275
2021-05-22,29806.610303863
2021-05-23,29647.09958747911
2021-05-24,30257.57639983581
2021-05-25,35006.39553405017
2021-05-26,36828.73955784823
2021-05-27,39441.88437371019
2021-05-28,35327.60201474878
2021-05-29,35565.632808798575
2021-05-30,36522.67687058485
2021-05-31,38757.07169409873
2021-06-01,40663.22194646179
2021-06-02,40520.030441400406
2021-06-03,41877.15739219279
2021-06-04,39786.84501213618
2021-06-05,38128.4944597423
2021-06-06,38110.45545272838
2021-06-07,38266.21200377415
2021-06-08,36767.86019926479
2021-06-09,37963.29767503593
2021-06-10,39263.597308884375
2021-06-11,40329.2483765951
2021-06-12,41006.71990108022
2021-06-13,42342.79492207967
2021-06-14,44323.203441041005
2021-06-15,44882.31717613578
2021-06-16,45477.231492980034
2021-06-17,45332.470286422504
2021-06-18,43439.195925870416
2021-06-19,42624.77480372071
2021-06-20,43089.678350184375
2021-06-21,44232.56609661238
2021-06-22,43246.93663022772
2021-06-23,46482.117185517185
2021-06-24,42287.31853392241
2021-06-25,53344.175423518784
2021-06-26,55946.0064380303
2021-06-27,58399.25994189641
2021-06-28,59647.01055100661
2021-06-29,59536.05733745105
2021-06-30,60269.426045739056
2021-07-01,59528.38991101976
2021-07-02,57506.48841364526
2021-07-03,57804.09651436731
2021-07-04,59100.53170505861
2021-07-05,60512.63412775901
2021-07-06,60177.08958526209
2021-07-07,61685.37410617996
2021-07-08,61691.08219514389
2021-07-09,60131.361647848826
2021-07-10,61854.77490503098
2021-07-11,62416.90835326854
2021-07-12,63412.9058905533
2021-07-13,63415.828367982336
2021-07-14,63407.859140748384
2021-07-15,65182.41973558898
2021-07-16,61591.32806305931
2021-07-17,61925.251170085554
2021-07-18,64021.338537589705
2021-07-19,71525.52657503197
2021-07-20,72874.90379377399
2021-07-21,71510.34146349115
2021-07-22,73172.64564796771
2021-07-23,76016.63434882092
2021-07-24,79421.64767925403
2021-07-25,80568.51739537713
2021-07-26,82656.40289511393
2021-07-27,81832.16579288605
2021-07-28,81370.6719360684
2021-07-29,78544.47998363903
2021-07-30,81354.6150121658
2021-07-31,83135.99163568894
2021-08-01,78569.89070266181
2021-08-02,72102.4695353288
2021-08-03,67886.35231271612
2021-08-04,64875.613610831824
2021-08-05,61389.79921384594
2021-08-06,62606.68032161627
2021-08-07,58693.967072230094
2021-08-08,53925.456038247976
2021-08-09,49254.83481206196
2021-08-10,44452.21170757044
2021-08-11,39932.025114620934
2021-08-12,36954.04567568824
2021-08-13,32390.478230515717
2021-08-14,32369.63073921393
2021-08-15,31756.873781838094
2021-08-16,31312.519022657933
2021-08-17,30569.581739712372
2021-08-18,30196.497484250096
2021-08-19,29905.304869403422
2021-08-20,29802.26517101235
2021-08-21,31797.394032892003
2021-08-22,31611.415934978348
2021-08-23,32222.115915332968
2021-08-24,32580.38535974327
2021-08-25,30975.415818190206
2021-08-26,31895.45339124936
2021-08-27,30425.662483221826
2021-08-28,31538.16929166605
2021-08-29,31571.199742353798
2021-08-30,31416.532660930498
2021-08-31,30905.641492526192
2021-09-01,30913.732832595862
2021-09-02,31484.51992416825
2021-09-03,31568.98874353571
2021-09-04,31915.951187775496
2021-09-05,32120.171521484983
2021-09-06,32540.520348846712
2021-09-07,32710.495705674344
2021-09-08,29332.92920577112
2021-09-09,29868.61794594061
2021-09-10,28946.0236453525
2021-09-11,28386.628161627523
2021-09-12,28727.447525822517
2021-09-13,29199.20801758233
2021-09-14,28595.25391789753
2021-09-15,29385.311779489148
2021-09-16,29673.61260010529
2021-09-17,29629.858953312276
2021-09-18,29155.377730312448
2021-09-19,29795.2229984252
2021-09-20,29568.57278529212
2021-09-21,27731.19825587497
2021-09-22,27626.423970400607
2021-09-23,28978.365343897938
2021-09-24,32015.38571578394
2021-09-25,32616.80196833937
2021-09-26,34129.93496365253
2021-09-27,35428.04552241771
2021-09-28,37193.52176617903
2021-09-29,40081.98020478041
2021-09-30,42765.09964061966
2021-10-01,38513.33630716817
2021-10-02,37275.986051576256
2021-10-03,36371.43130450427
2021-10-04,36011.29978441597
2021-10-05,35069.12265456422
2021-10-06,34295.82690982697
2021-10-07,33620.21107716187
2021-10-08,33369.60408469035
2021-10-09,33238.47807615802
2021-10-10,33713.35178298127
2021-10-11,33075.14443818678
2021-10-12,33577.352960838194
2021-10-13,35630.279741716586
2021-10-14,36227.12440686264
2021-10-15,36924.97964977933
2021-10-16,36569.28207244089
2021-10-17,36459.64122656051
2021-10-18,35224.60800865064
2021-10-19,34296.40863248226
2021-10-20,34176.40022857543
2021-10-21,34622.45719367731
2021-10-22,46840.85922833036
2021-10-23,46592.22310513462
2021-10-24,46386.634555952754
2021-10-25,45882.741245193996
2021-10-26,46389.426654555136
2021-10-27,45244.41792662098
2021-10-28,44591.13806829834
2021-10-29,49169.91971949625
2021-10-30,49588.506816100904
2021-10-31,49507.29239948012
2021-11-01,48865.39331835509
2021-11-02,46899.72215910329
2021-11-03,45278.52479457884
2021-11-04,42232.7226360939
2021-11-05,36178.69346293491
2021-11-06,33908.85061209162
2021-11-07,32785.500893805896
2021-11-08,31732.55042144782
2021-11-09,32073.63616810341
2021-11-10,32466.458629829543
2021-11-11,31812.563400644016
2021-11-12,35730.61415154909
2021-11-13,36322.28220298325
2021-11-14,36382.12335576473
2021-11-15,36552.09220069419
2021-11-16,35729.082873852414
2021-11-17,34381.72476414812
2021-11-18,34334.24314674278
2021-11-19,30532.850635669354
2021-11-20,31170.40321507934
2021-11-21,32109.955356790488
2021-11-22,32401.472296095646
2021-11-23,37622.84758299107
2021-11-24,37310.68856881767
2021-11-25,36530.33478435922
2021-11-26,34024.35247331695
2021-11-27,32516.095167425607
2021-11-28,32907.16349318317
2021-11-29,33311.7443691415
2021-11-30,33019.211836909875
2021-12-01,30724.44842658004
2021-12-02,31950.29635060565
2021-12-03,34498.29035939158
2021-12-04,35357.266043098054
2021-12-05,36833.512202771664
2021-12-06,39844.407378454234
2021-12-07,43223.37168083884
2021-12-08,45224.159103761995
2021-12-09,48148.135468464796
2021-12-10,55078.83511847043
2021-12-11,55267.34120436112
2021-12-12,56204.584004709875
2021-12-13,56881.35891599842
2021-12-14,53831.211441951215
2021-12-15,54359.59240472114
2021-12-16,54503.09575913301
2021-12-17,54977.572646632776
2021-12-18,56840.61093913106
2021-12-19,60191.910555028495
2021-12-20,62954.06651702818
2021-12-21,64344.95361633422
2021-12-22,65292.832182077436
2021-12-23,64998.0677208636
2021-12-24,68748.96139380167
2021-12-25,64651.57884321176
2021-12-26,64272.14468263574
2021-12-27,65837.8588651243
2021-12-28,64891.27350325898
2021-12-29,62590.86145551335
2021-12-30,60684.20645192942
2021-12-31,60149.46515624774
2022-01-01,61043.91828192835
2022-01-02,60403.400469112545
2022-01-03,60879.352340166784
2022-01-04,62181.12652461191
2022-01-05,64611.76393900143
2022-01-06,65998.1893409367
2022-01-07,74718.59983961683
2022-01-08,78470.52147662707
2022-01-09,73287.50063369544
2022-01-10,74994.05504979874
2022-01-11,78082.60021235471
2022-01-12,84682.20669296902
2022-01-13,85226.16189063991
2022-01-14,84657.91266344681
2022-01-15,86474.44156071646
2022-01-16,80288.27643503455
2022-01-17,77150.98695285042
2022-01-18,75765.08698518215
2022-01-19,78965.60964073513
2022-01-20,84043.63076804094
2022-01-21,83975.43022749742
2022-01-22,83881.49458438734
2022-01-23,84345.69348634897
2022-01-24,84891.83975251885
2022-01-25,85249.21813887655
2022-01-26,86135.50778545154
2022-01-27,85337.05311343922
2022-01-28,86621.39103468638
2022-01-29,86416.98503085502
2022-01-30,86422.03981396303
2022-01-31,85334.57828171417
2022-02-01,84637.71501903627
2022-02-02,83127.53226356003
2022-02-03,82809.31357734422
2022-02-04,82332.52012012582
2022-02-05,81592.43564594554
2022-02-06,79327.94245467069
2022-02-07,80517.49033321468
2022-02-08,82481.26710650825
2022-02-09,84253.05160074931
2022-02-10,86293.93374017093
2022-02-11,74621.87900077106
2022-02-12,74034.72075259934
2022-02-13,73767.90045525137
2022-02-14,74293.52917399666
2022-02-15,74286.18121862899
2022-02-16,73846.3694389157
2022-02-17,74657.67353437444
2022-02-18,76414.61246897692
2022-02-19,75994.33306533501
2022-02-20,75568.26138504395
2022-02-21,74301.37832839918
2022-02-22,73557.87297396205
2022-02-23,73239.98588218898
2022-02-24,72482.39894673025
2022-02-25,78503.64567080213
2022-02-26,88652.6388883183
2022-02-27,89121.88518372808
2022-02-28,89589.40655634642
2022-03-01,72614.21006924311
2022-03-02,80432.18791625471
2022-03-03,81313.04867899446
2022-03-04,67687.30180627696
2022-03-05,66618.63148574028
2022-03-06,66592.79198284583
2022-03-07,66368.4193925514
2022-03-08,66096.64598427793
2022-03-09,66046.72931255374
2022-03-10,66184.45142129187
2022-03-11,65939.92344729234
2022-03-12,65868.65664222305
2022-03-13,66678.08467381397
2022-03-14,67106.99251766027
2022-03-15,67850.86311410065
2022-03-16,67273.42040213369
2022-03-17,67015.9721755373
2022-03-18,83408.92077524896
2022-03-19,84628.59264100125
2022-03-20,84771.47276156441
2022-03-21,85764.91480309497
2022-03-22,86173.34832800759
2022-03-23,87808.67641297446
2022-03-24,91031.71871699048
2022-03-25,123392.12019961716
2022-03-26,129770.64770643925
2022-03-27,130846.07499546475
2022-03-28,131812.8861103165
2022-03-29,134770.8822417342
2022-03-30,134737.24553255213
2022-03-31,129141.4703234514
2022-04-01,124741.99619408131
2022-04-02,129401.15800921447
2022-04-03,108044.71361965669
2022-04-04,115468.53408078954
2022-04-05,120491.92628590422
2022-04-06,122795.42879438677
2022-04-07,116856.06680068345
2022-04-08,106456.46513813024
2022-04-09,106306.51662807609
2022-04-10,106036.14227602918
2022-04-11,107190.73818959603
2022-04-12,113509.1684924595
2022-04-13,115446.86301715851
2022-04-14,117370.36332697154
2022-04-15,103574.98735635557
2022-04-16,102368.27963205987
2022-04-17,100892.28353760888
2022-04-18,97679.29444708093
2022-04-19,97168.66124358748
2022-04-20,91200.42127244122
2022-04-21,91023.36696445615
2022-04-22,101020.8459306296
2022-04-23,101368.99860674918
2022-04-24,102125.92688221738
2022-04-25,68664.32818805057
2022-04-26,104029.24691513683
2022-04-27,105925.21773535511
2022-04-28,107445.64120130788
2022-04-29,95359.42639222511
2022-04-30,97219.65499140795
2022-05-01,98474.91866364879
2022-05-02,96920.02726050475
2022-05-03,95291.08816243648
2022-05-04,93401.83360350122
2022-05-05,91837.69683895331
2022-05-06,121103.29534475337
2022-05-07,119793.37103371606
2022-05-08,115102.25081424008
2022-05-09,112730.11993518742
2022-05-10,95204.58333406154
2022-05-11,83574.26826283573
2022-05-12,63027.07936960224
2022-05-13,50694.21695727688
2022-05-14,50034.613485881906
2022-05-15,50282.17878352787
2022-05-16,50435.3846675106
2022-05-17,50160.32242883229
2022-05-18,49761.52479045816
2022-05-19,49287.25966440488
2022-05-20,55406.0723633131
2022-05-21,55134.42379123176
2022-05-22,55065.164821352155
2022-05-23,55531.64489159999
2022-05-24,55369.57917823896
2022-05-25,55985.96674685303
2022-05-26,56743.929420961744
2022-05-27,59041.77228809401
2022-05-28,59572.7300431496
2022-05-29,59529.31312447816
2022-05-30,60146.135957154336
2022-05-31,57980.71734579632
2022-06-01,58538.97713652829
2022-06-02,58763.06030123262
2022-06-03,57967.7284099875
2022-06-04,58203.20667150463
2022-06-05,58196.13975849709
2022-06-06,58633.10001213831
2022-06-07,59633.46641739813
2022-06-08,59869.395210245086
2022-06-09,59383.491628664095
2022-06-10,61669.60170809992
2022-06-11,62530.1356403041
2022-06-12,61813.29504993798
2022-06-13,61568.103027729114
2022-06-14,58267.03372162172
2022-06-15,54886.63696488279
2022-06-16,52799.43559924331
2022-06-17,48589.18702773875
2022-06-18,48522.94976168296
2022-06-19,48021.85607561786
2022-06-20,47760.2357524203
2022-06-21,47670.22295449055
2022-06-22,46865.45036946167
2022-06-23,46749.45483656667
2022-06-24,47390.859075350236
2022-06-25,46672.140485438256
2022-06-26,46827.645588166495
2022-06-27,46852.51259547895
2022-06-28,47089.1653615113
2022-06-29,47505.38124175131
2022-06-30,47777.431041863405
2022-07-01,47881.86023493372
2022-07-02,47590.20640575118
2022-07-03,47413.17844374128
2022-07-04,48069.032719859984
2022-07-05,48507.29850951124
2022-07-06,48439.69255546126
2022-07-07,48222.37732996806
2022-07-08,48788.703624570575
2022-07-09,49423.9601191335
2022-07-10,49714.146039608444
2022-07-11,53157.04189383344
2022-07-12,54614.67911675733
2022-07-13,55658.293325108556
2022-07-14,55676.96196202969
2022-07-15,54769.00386692651
2022-07-16,54710.6164134532
2022-07-17,54261.12139950126
2022-07-18,53992.85344238278
2022-07-19,53002.26954450191
2022-07-20,52055.52997711119
2022-07-21,51212.57993059803
2022-07-22,50475.33147553921
2022-07-23,49776.21207378158
2022-07-24,48469.988754423284
2022-07-25,46768.076702500526
2022-07-26,46865.75328413272
2022-07-27,45829.2902457696
2022-07-28,43638.72423911364
2022-07-29,43632.29428906047
2022-07-30,42595.85480000923
2022-07-31,40972.91006566488
2022-08-01,38788.67167558805
2022-08-02,41523.36674245203
2022-08-03,44475.44543310101
2022-08-04,47911.76957849715
2022-08-05,93198.81167906633
2022-08-06,104618.20571831673
2022-08-07,112526.34951609226
2022-08-08,119484.15049813097
2022-08-09,123929.40631886074
2022-08-10,135416.17978419937
2022-08-11,146808.24593951376
2022-08-12,140154.87633382206
2022-08-13,110980.92713732153
2022-08-14,116637.64202123962
2022-08-15,119067.93244300081
2022-08-16,126928.54641890519
2022-08-17,132591.05020566855
2022-08-18,130064.84141333481
2022-08-19,146962.5933591328
2022-08-20,140292.3990066392
2022-08-21,134021.3757375699
2022-08-22,131576.11597325926
2022-08-23,127254.57820087747
2022-08-24,124849.38328442544
2022-08-25,123199.06537581234
2022-08-26,138304.81655090768
2022-08-27,133469.40550189596
2022-08-28,133443.10293133755
2022-08-29,130995.85916415523
2022-08-30,126685.15478097246
2022-08-31,120731.37852235521
2022-09-01,116141.87689063235
2022-09-02,122321.03589619134
2022-09-03,121526.13633855394
2022-09-04,121363.66628328893
2022-09-05,124064.96878444486
2022-09-06,122400.51494822248
2022-09-07,119708.44856232565
2022-09-08,118426.22915447076
2022-09-09,119736.98388549541
2022-09-10,115743.19597305036
2022-09-11,115380.3492877079
2022-09-12,115302.18470015361
2022-09-13,112967.07526628836
2022-09-14,108924.16598536252
2022-09-15,108004.29549997559
2022-09-16,122425.11626470137
2022-09-17,117140.53357175265
2022-09-18,115693.83117747646
2022-09-19,98377.49823652676
2022-09-20,92308.83910285836
2022-09-21,87823.47940821678
2022-09-22,82049.9778083446
2022-09-23,78090.07418777184
2022-09-24,77297.41279564072
2022-09-25,75466.90267379077
2022-09-26,74426.24123557513
2022-09-27,73900.46931708268
2022-09-28,72142.53847564115
2022-09-29,71563.0096709202
2022-09-30,68267.42949672486
2022-10-01,68246.98126416985
2022-10-02,67682.10257396787
2022-10-03,66790.48582137281
2022-10-04,66022.40282995677
2022-10-05,65507.81321049076
2022-10-06,65199.33469208025
2022-10-07,64440.246150833
2022-10-08,65026.38407427695
2022-10-09,64907.153262762746
2022-10-10,64694.4676335364
2022-10-11,63143.61848805692
2022-10-12,61450.30905273236
2022-10-13,60311.99373826616
2022-10-14,61801.12617723305
2022-10-15,62658.65519457506
2022-10-16,63022.62724720931
2022-10-17,63627.083148333266
2022-10-18,64368.37723515356
2022-10-19,64907.553545654075
2022-10-20,65675.82276858357
2022-10-21,64755.6753367283
2022-10-22,64514.266357518005
2022-10-23,64314.48916036382
2022-10-24,63446.05934590019
2022-10-25,62199.41452057177
2022-10-26,61541.722748875094
2022-10-27,59211.57401477925
2022-10-28,59337.59105107932
2022-10-29,54699.0679652428
2022-10-30,57461.16429018494
2022-10-31,59493.38375943343
2022-11-01,62565.001571729255
2022-11-02,64014.46174186427
2022-11-03,64630.014327835655
2022-11-04,69642.96564938081
2022-11-05,78172.20035465082
2022-11-06,83424.73574260826
2022-11-07,84020.51598299298
2022-11-08,86197.60645219313
2022-11-09,81120.05908326409
2022-11-10,65290.06699948764
2022-11-11,61845.85961312103
2022-11-12,60542.329908126296
2022-11-13,58409.91770272349
2022-11-14,56588.40334986037
2022-11-15,56735.58907573085
2022-11-16,58024.66893469376
2022-11-17,56682.85087419341
2022-11-18,59247.62777042203
2022-11-19,62473.64242755824
2022-11-20,63395.7824970275
2022-11-21,61716.06060611071
2022-11-22,61910.986382381714
2022-11-23,57791.85732464448
2022-11-24,58077.33528135966
2022-11-25,61190.285955992826
2022-11-26,61171.377967423345
2022-11-27,61589.11162018247
2022-11-28,61771.43395129326
2022-11-29,60312.56699760855
2022-11-30,58953.89131619336
2022-12-01,57328.14173858715
2022-12-02,48696.686291241815
2022-12-03,51822.10958457123
2022-12-04,52817.68171060156
2022-12-05,52432.37553840331
2022-12-06,52325.88869917314
2022-12-07,52487.59333205611
2022-12-08,51967.69612770192
2022-12-09,52452.235647824054
2022-12-10,52595.721643089986
2022-12-11,52316.16289574737
2022-12-12,51101.0942986595
2022-12-13,50105.132784518624
2022-12-14,48622.03015482248
2022-12-15,46094.35135921339
2022-12-16,44131.24387760143
2022-12-17,45266.81214098128
2022-12-18,47813.47189127098
2022-12-19,49674.384006280954
2022-12-20,50245.04280298042
2022-12-21,51395.5859442833
2022-12-22,52488.852854479795
2022-12-23,54282.47516624804
2022-12-24,50804.761651718334
2022-12-25,53007.42406237141
2022-12-26,55034.92385016953
2022-12-27,37617.845065922214
2022-12-28,38543.93940465907
2022-12-29,39024.40229500992
2022-12-30,46666.48326621263
2022-12-31,46432.599238269424
2023-01-01,46217.37008109889
2023-01-02,46018.799586573536
2023-01-03,47555.15372139549
2023-01-04,47923.312636671195
2023-01-05,48184.26875904743
2023-01-06,47927.35185355504
2023-01-07,48131.701968190246
2023-01-08,51363.983547213706
2023-01-09,55525.526347114064
2023-01-10,59843.538379419246
2023-01-11,61727.51282474155
2023-01-12,63217.44215799716
2023-01-13,71753.80418259662
2023-01-14,73503.0333542979
2023-01-15,75316.43484797372
2023-01-16,125842.34192302871
2023-01-17,143147.52167224616
2023-01-18,146981.15389656107
2023-01-19,146262.5192187847
2023-01-20,127689.51060986798
2023-01-21,135178.462003191
2023-01-22,145443.21483006817
2023-01-23,154859.92268048707
2023-01-24,165926.20243972781
2023-01-25,168508.2828696898
2023-01-26,173237.41140232547
2023-01-27,156319.88230444634
2023-01-28,150504.9600228111
2023-01-29,146309.09501749204
2023-01-30,137818.2187269655
2023-01-31,134176.88044081817
2023-02-01,128868.36966937574
2023-02-02,125318.19210243574
2023-02-03,89795.00928038525
2023-02-04,86594.38042280154
2023-02-05,83236.36456225516
2023-02-06,81496.53793124168
2023-02-07,80781.975974491
2023-02-08,79403.199145472
2023-02-09,76831.95649704695
2023-02-10,85010.52057441302
2023-02-11,88455.30446037238
2023-02-12,90709.39334252443
2023-02-13,94509.7671427548
2023-02-14,96719.53923701623
2023-02-15,104010.75901199557
2023-02-16,103733.53080352867
2023-02-17,85680.67940783378
2023-02-18,86062.25607233285
2023-02-19,85641.95338233019
2023-02-20,83919.03485460723
2023-02-21,83242.64907185455
2023-02-22,76185.54383512301
2023-02-23,75837.08201258534
2023-02-24,87965.16984150358
2023-02-25,88212.04630744056
2023-02-26,90492.02637720086
2023-02-27,93261.88371942859
2023-02-28,94220.60339376207
2023-03-01,95675.97192547582
2023-03-02,96879.33875015075
2023-03-03,80333.54821358548
2023-03-04,81543.00926727982
2023-03-05,46533.03679411597
2023-03-06,49194.64366835725
2023-03-07,52104.882923852274
2023-03-08,54779.62411842789
2023-03-09,60529.54125114627
2023-03-10,69935.53925589111
2023-03-11,75931.0435549148
2023-03-12,74040.59174532395
2023-03-13,72577.57775314372
2023-03-14,72151.77978551543
2023-03-15,73214.3225545684
2023-03-16,69683.4994739446
2023-03-17,77759.12541732413
2023-03-18,81221.70877500322
2023-03-19,80659.7258175902
2023-03-20,80360.69350191108
2023-03-21,78437.1863248356
2023-03-22,80109.9757409764
2023-03-23,81925.60896982647
2023-03-24,161575.48112151664
2023-03-25,159291.39899756777
2023-03-26,160293.42577439488
2023-03-27,164438.8948099661
2023-03-28,162542.87206779965
2023-03-29,158358.80357406114
2023-03-30,159931.74750698084
2023-03-31,141563.71104320398
2023-04-01,142416.40893193288
2023-04-02,143809.92107787682
2023-04-03,144196.7723573906
2023-04-04,141416.87382832533
2023-04-05,139928.85556076217
2023-04-06,135819.49539035835
2023-04-07,111877.03863507608
2023-04-08,109212.41493998238
2023-04-09,108017.0919736517
2023-04-10,106647.97579679445
2023-04-11,105366.42953864839
2023-04-12,103473.98382603483
2023-04-13,101285.60778662049
2023-04-14,98717.30484950432
2023-04-15,94550.05162385429
2023-04-16,91646.55428591323
2023-04-17,88995.43611577759
2023-04-18,87073.90698519177
2023-04-19,86334.17804296968
2023-04-20,85202.65529807967
2023-04-21,99162.9997029903
2023-04-22,103206.01665479706
2023-04-23,106954.32600459419
2023-04-24,108541.4556257587
2023-04-25,113590.9376246802
2023-04-26,115062.80697968444
2023-04-27,116649.78075920412
2023-04-28,118484.0653904555
2023-04-29,118914.56268745007
2023-04-30,119795.38928387946
2023-05-01,121189.17931980238
2023-05-02,120639.90904992631
2023-05-03,115648.5149965992
2023-05-04,115399.49378533027
2023-05-05,106829.16950619181
2023-05-06,100121.94600031352
2023-05-07,106804.25623547472
2023-05-08,107719.55307725421
2023-05-09,108950.3877485768
2023-05-10,112135.51653470068
2023-05-11,115084.73812053318
2023-05-12,122871.02336683674
2023-05-13,122930.24486422341
2023-05-14,122010.37159871806
2023-05-15,121349.3802454703
2023-05-16,120339.49642366283
2023-05-17,119740.15751017915
2023-05-18,120524.65114695215
2023-05-19,115280.7404152491
2023-05-20,127481.14816639129
2023-05-21,130164.71580326141
2023-05-22,59169.00212298796
2023-05-23,55630.02908521831
2023-05-24,59078.21676770123
2023-05-25,61978.604318124264
2023-05-26,109405.59192507992
2023-05-27,110909.54652729657
2023-05-28,112256.12016551378
2023-05-29,115933.37089401593
2023-05-30,117992.82942434755
2023-05-31,120159.66360279829
2023-06-01,120372.46984658421
2023-06-02,77155.59354118565
2023-06-03,77006.37192517484
2023-06-04,76079.50351697844
2023-06-05,76413.54109667399
2023-06-06,74343.9025173171
2023-06-07,75924.35387482445
2023-06-08,74562.93903068962
2023-06-09,95250.65879128299
2023-06-10,95191.94909007633
2023-06-11,81809.48787514168
2023-06-12,77556.52306643383
2023-06-13,76756.08935664824
2023-06-14,73033.57119953717
2023-06-15,72095.8587566141
2023-06-16,81340.53526861986
2023-06-17,83482.95183419544
2023-06-18,84097.87191382537
2023-06-19,83505.13920000898
2023-06-20,82591.63901513537
2023-06-21,83207.78785658706
2023-06-22,84035.9073271817
2023-06-23,83891.56254777138
2023-06-24,85344.28977675097
2023-06-25,83673.4268108401
2023-06-26,81894.42093676858
2023-06-27,79427.34953189544
2023-06-28,78656.80053528937
2023-06-29,77799.41699867578
2023-06-30,139106.50314062252
2023-07-01,132714.10127186144
2023-07-02,133135.26813168256
2023-07-03,131286.8441051817
2023-07-04,131862.39451579863
2023-07-05,132364.4552501853
2023-07-06,133378.5636033767
2023-07-07,123627.09658214728
2023-07-08,124594.47867612919
2023-07-09,125170.52513104724
2023-07-10,125296.36078843575
2023-07-11,125606.05636647674
2023-07-12,126216.681928979
2023-07-13,125552.46156699753
2023-07-14,117995.75078067392
2023-07-15,115532.78264953454
2023-07-16,114221.46462858997
2023-07-17,65681.76886120862
2023-07-18,112342.41985156455
2023-07-19,111664.36238678543
2023-07-20,112031.44761716391
2023-07-21,64810.404048157514
2023-07-22,64405.989213327055
2023-07-23,63667.67069610835
2023-07-24,64383.75342186039
2023-07-25,63463.712735417495
2023-07-26,63800.11939184536
2023-07-27,64624.52516997919
2023-07-28,65103.26823525513
2023-07-29,65288.81450453235
2023-07-30,65430.08101623136
2023-07-31,64692.45270096663
2023-08-01,64348.23484305633
2023-08-02,64954.66631416498
2023-08-03,63728.29625909779
2023-08-04,64071.123276867016
2023-08-05,65137.71256447385
2023-08-06,65658.66477756276
2023-08-07,66782.2194239104
2023-08-08,67001.01786546063
2023-08-09,66989.54317786027
2023-08-10,70678.83775870164
2023-08-11,72011.59417643871
2023-08-12,73470.10538920129
2023-08-13,73495.83963085186
2023-08-14,73855.34940776159
2023-08-15,73390.45082506619
2023-08-16,71877.6676158927
2023-08-17,70520.10501731896
2023-08-18,70904.18293215442
2023-08-19,70489.68419442853
2023-08-20,74103.34141821797
2023-08-21,77437.56823575891
2023-08-22,75921.17082803218
2023-08-23,75057.43751719208
2023-08-24,74811.51917207103
2023-08-25,102017.65112219937
2023-08-26,102434.34486928023
2023-08-27,98786.93372362203
2023-08-28,95056.75376295035
2023-08-29,92790.14382294587
2023-08-30,98939.87081269192
2023-08-31,96353.05004231591
2023-09-01,91553.67739759115
2023-09-02,89770.39456686423
2023-09-03,88194.89011559257
2023-09-04,87766.15009365283
2023-09-05,87944.631584591
2023-09-06,88121.22453302112
2023-09-07,88865.99536732679
2023-09-08,79283.55257219351
2023-09-09,79592.73778991759
2023-09-10,79331.13670543014
2023-09-11,78871.64944607796
2023-09-12,77635.6511953767
2023-09-13,77579.65784275372
2023-09-14,81779.80187614489
2023-09-15,95361.36071050943
2023-09-16,97629.40613282062
2023-09-17,95075.66675672111
2023-09-18,92835.6471452478
2023-09-19,92998.60567750732
2023-09-20,94131.7505709565
2023-09-21,94320.48068839089
2023-09-22,85241.10595344077
2023-09-23,85136.03568303872
2023-09-24,84932.75826453374
2023-09-25,83441.72255386597
2023-09-26,83908.76237427478
2023-09-27,83642.36090653566
2023-09-28,83965.17219420508
2023-09-29,94377.75401967087
2023-09-30,92769.21400975161
2023-10-01,93431.49611754752
2023-10-02,91496.4046270706
2023-10-03,88389.7580217149
2023-10-04,86574.19745101084
2023-10-05,86828.50600208537
2023-10-06,78540.71026039499
2023-10-07,80009.55790105177
2023-10-08,79817.34914113743
2023-10-09,79854.60077101027
2023-10-10,80919.11546597893
2023-10-11,83015.1945502854
2023-10-12,84564.82059145384
2023-10-13,69251.17666933796
2023-10-14,70170.0289291717
2023-10-15,71526.50747960187
2023-10-16,72747.33708340913
2023-10-17,75983.81627949327
2023-10-18,76602.06912782653
2023-10-19,77026.76932825915
2023-10-20,82893.9834395752
2023-10-21,84210.21341775158
2023-10-22,84402.1350602673
2023-10-23,84748.39116444989
2023-10-24,85360.29350910526
2023-10-25,84015.87334028103
2023-10-26,81083.38275182342
2023-10-27,69517.91155246709
2023-10-28,68141.74984415944
2023-10-29,67992.37170931687
2023-10-30,67085.88237297958
2023-10-31,66556.65270610906
2023-11-01,65087.31293189404
2023-11-02,64362.49349713755
2023-11-03,62700.715561572506
2023-11-04,60601.96185217128
2023-11-05,59671.24397952029
2023-11-06,58264.89490859004
2023-11-07,56747.447616460006
2023-11-08,55395.60507646224
2023-11-09,54978.1185514075
2023-11-10,58875.005100685245
2023-11-11,57922.90690216643
2023-11-12,56239.3671185248
2023-11-13,55151.3773398994
2023-11-14,53086.557953595046
2023-11-15,52835.32989124715
2023-11-16,53666.74518983236
2023-11-17,48694.97756607475
2023-11-18,48849.158108874646
2023-11-19,48751.73874526531
2023-11-20,49183.373983745965
2023-11-21,49227.636551864
2023-11-22,46859.50883337752
2023-11-23,48001.39821746584
2023-11-24,47178.13743066749
2023-11-25,47382.05940932245
2023-11-26,48037.25694378748
2023-11-27,47413.48709354511
2023-11-28,46990.98045949703
2023-11-29,47463.73519123563
2023-11-30,47449.499168409246
2023-12-01,43879.54017636795
2023-12-02,44072.62167581747
2023-12-03,44594.46965101265
2023-12-04,44078.03644299871
2023-12-05,44125.14910083764
2023-12-06,44194.245337522385
2023-12-07,43029.74060276038
2023-12-08,44906.551444651894
2023-12-09,45274.257860725476
2023-12-10,44949.71300923961
2023-12-11,45138.348093675406
2023-12-12,44149.6716286279
2023-12-13,44446.8877193061
2023-12-14,44613.72656201194
2023-12-15,44407.64203373357
2023-12-16,43869.441932483816
2023-12-17,44140.37846745327
2023-12-18,43921.721754983766
2023-12-19,43792.722727054075
2023-12-20,44025.801363967155
2023-12-21,43969.367895773255
2023-12-22,44825.444962360714
2023-12-23,45506.47615178877
2023-12-24,45652.113123027426
2023-12-25,45901.79286039976
2023-12-26,46508.3164320172
2023-12-27,46416.59208763276
2023-12-28,46560.02028978632
2023-12-29,49796.33283683963
2023-12-30,50233.5789061701
2023-12-31,51024.26257709447
2024-01-01,50617.05879072686
2024-01-02,51572.76040455396
2024-01-03,51200.38474621934
2024-01-04,48687.99230314052
2024-01-05,47985.55563155809
2024-01-06,47995.20584766785
2024-01-07,48086.6262058936
2024-01-08,48482.763239701104
2024-01-09,50197.18929834389
2024-01-10,49878.59961621341
2024-01-11,51248.761321896025
2024-01-12,51101.03696663972
2024-01-13,50409.355184629756
2024-01-14,51271.05051243671
2024-01-15,50706.83677663582
2024-01-16,51641.53273779689
2024-01-17,52085.08461532974
2024-01-18,52013.78025301762
2024-01-19,60953.651529277864
2024-01-20,61251.14315281919
2024-01-21,62937.98225420214
2024-01-22,64132.081834773264
2024-01-23,63341.61675885373
2024-01-24,63846.77144997704
2024-01-25,64011.09432463687
2024-01-26,62741.54537200035
2024-01-27,63396.3556227518
2024-01-28,63210.49433933225
2024-01-29,62724.61127348726
2024-01-30,62842.99708684397
2024-01-31,61950.104985046324
2024-02-01,60709.321188573515
2024-02-02,61890.413313201156
2024-02-03,62366.82293799825
2024-02-04,63254.15131293798
2024-02-05,62642.27146323624
2024-02-06,62731.768949381585
2024-02-07,61129.376664363284
2024-02-08,61880.753539364065
2024-02-09,81374.76845651459
2024-02-10,84287.84996075946
2024-02-11,84828.05754203965
2024-02-12,84166.8603424288
2024-02-13,83719.80545603477
2024-02-14,82741.56326980448
2024-02-15,82108.30744787128
2024-02-16,75490.17433396724
2024-02-17,73389.19433493719
2024-02-18,72242.94688541809
2024-02-19,70277.40035972207
2024-02-20,69806.76815882149
2024-02-21,69120.46636968078
2024-02-22,68105.30050343923
2024-02-23,67294.44317680932
2024-02-24,68865.2288268614
2024-02-25,69295.92844008138
2024-02-26,69242.46581305955
2024-02-27,68989.48814881305
2024-02-28,68637.50095016845
2024-02-29,67862.7990586075
2024-03-01,73535.4494893238
2024-03-02,73421.02622851254
2024-03-03,73429.73460678403
2024-03-04,74325.32724341536
2024-03-05,74099.25078142073
2024-03-06,69089.89212387211
2024-03-07,70931.70212054343
2024-03-08,65428.76839870241
2024-03-09,64818.912018409166
2024-03-10,64974.2050607387
2024-03-11,64580.630793376884
2024-03-12,65168.382007617576
2024-03-13,65545.15180595507
2024-03-14,65698.71905742883
2024-03-15,60603.637844882476
2024-03-16,58567.33906181926
2024-03-17,56110.5457362636
2024-03-18,57332.38279120948
2024-03-19,55611.9755416479
2024-03-20,53494.92485594556
2024-03-21,55386.153227428265
2024-03-22,54440.63719911756
2024-03-23,53997.70664406934
2024-03-24,54124.97319874774
2024-03-25,55140.07736881628
2024-03-26,55736.47765928346
2024-03-27,56223.562549904054
2024-03-28,55992.54308070138
2024-03-29,86574.48212919263
2024-03-30,58702.499428445306
2024-03-31,58979.4764385127
2024-04-01,57646.28186589527
2024-04-02,56974.222407709756
2024-04-03,56480.03653774166
2024-04-04,56719.616933710684
2024-04-05,53778.250721376615
2024-04-06,53644.12092838391
2024-04-07,59374.806670279795
2024-04-08,63098.8612032559
2024-04-09,63711.76518021137
2024-04-10,62327.03396246632
2024-04-11,62286.9104676202
2024-04-12,62794.53715503498
2024-04-13,59825.36068717201
2024-04-14,59091.39699803304
2024-04-15,65144.25067901521
2024-04-16,76362.0823392539
2024-04-17,86138.04226246028
2024-04-18,92529.31180944793
2024-04-19,65760.54799053595
2024-04-20,67287.46285100396
2024-04-21,70430.45900484062
2024-04-22,71196.26282037351
2024-04-23,72472.00472212133
2024-04-24,72411.18541370105
2024-04-25,72737.7581231546
2024-04-26,73736.73946903714
2024-04-27,74516.99915206648
2024-04-28,75201.56175785455
2024-04-29,75288.96413848853
2024-04-30,75659.87606964898
2024-05-01,75390.31369264283
2024-05-02,76901.0840175344
2024-05-03,81028.10216153004
2024-05-04,83414.59958193473
2024-05-05,85146.11317724182
2024-05-06,83468.3384416468
2024-05-07,82983.38540548903
2024-05-08,83084.11682406084
2024-05-09,80101.69797082384
2024-05-10,79327.43150875042
2024-05-11,76556.49215535857
2024-05-12,76174.34694392548
2024-05-13,74948.18253186738
2024-05-14,73396.03366984898
2024-05-15,72957.07962410022
2024-05-16,73715.50325324222
2024-05-17,72787.44195587296
2024-05-18,72977.97558795994
2024-05-19,72494.6721737655
2024-05-20,71377.39790637438
2024-05-21,71224.28439216399
2024-05-22,69350.20062446459
2024-05-23,67531.84048999105
2024-05-24,69647.10411403811
2024-05-25,69306.93677437442
2024-05-26,68488.51559808006
2024-05-27,67151.41202338303
2024-05-28,66139.98745397876
2024-05-29,63997.708763449344
2024-05-30,62339.92805128874
2024-05-31,60383.17399252336
2024-06-01,63132.38721828874
2024-06-02,65848.35406020774
2024-06-03,67532.00559684525
2024-06-04,69751.18881578356
2024-06-05,71884.22810633836
2024-06-06,72974.45545379419
2024-06-07,70075.91982588098
2024-06-08,69341.83938770735
2024-06-09,69432.3266361535
2024-06-10,70418.09900647675
2024-06-11,70460.0937855813
2024-06-12,73646.18577230442
2024-06-13,77829.00746182744
2024-06-14,83219.34096913009
2024-06-15,86588.53785542888
2024-06-16,88883.48843295578
2024-06-17,91074.59436799488
2024-06-18,92998.57983808998
2024-06-19,98388.23694356714
2024-06-20,101623.33911758658
2024-06-21,100240.32446853889
2024-06-22,99532.5317785967
2024-06-23,100943.15067632876
2024-06-24,103212.00399581721
2024-06-25,103743.64861944075
2024-06-26,103700.41497248632
2024-06-27,103579.90268692632
2024-06-28,105101.68505630473
2024-06-29,104931.97897800758
2024-06-30,106951.232720721
2024-07-01,107594.49831461693
2024-07-02,104662.89464785597
2024-07-03,106456.38798500906
2024-07-04,108527.08247130015
2024-07-05,88259.62038526083
2024-07-06,87286.19378893246
2024-07-07,87810.70212499342
2024-07-08,86077.03448418394
2024-07-09,86892.12720753341
2024-07-10,87579.48685593577
2024-07-11,88378.60836669333
2024-07-12,91565.64352466531
2024-07-13,91636.38067342505
2024-07-14,91897.76228327249
2024-07-15,92339.67067520542
2024-07-16,93185.34071975343
2024-07-17,94915.60640515688
2024-07-18,95306.11076680235
2024-07-19,86550.72032894225
2024-07-20,87310.23746923915
2024-07-21,87559.57152790335
2024-07-22,87019.38631948894
2024-07-23,85656.4636456152
2024-07-24,84291.37509659301
2024-07-25,83304.75952880149
2024-07-26,83027.12363053799
2024-07-27,83496.36927412916
2024-07-28,83694.78826966918
2024-07-29,83626.56264178328
2024-07-30,84603.17069796876
2024-07-31,84210.90013221167
2024-08-01,83887.70309608559
2024-08-02,84491.92004526789
2024-08-03,83000.66297017224
2024-08-04,79470.27665731849
2024-08-05,76104.85471122546
2024-08-06,71884.00212646868
2024-08-07,69591.75814488909
2024-08-08,66802.16714137771
2024-08-09,66631.95666335305
2024-08-10,65313.2438996138
2024-08-11,65061.65891301062
2024-08-12,62166.080283442316
2024-08-13,60667.323322747696
2024-08-14,59241.610338721934
2024-08-15,58019.941145304874
2024-08-16,84127.05516217812
2024-08-17,84088.53993575068
2024-08-18,84103.7794063657
2024-08-19,83251.57936913954
2024-08-20,84851.29101214498
2024-08-21,85634.8888844382
2024-08-22,88222.07529266467
2024-08-23,81145.76923638996
2024-08-24,83053.03571330433
2024-08-25,85487.14618256017
2024-08-26,86537.19252061551
2024-08-27,85618.75546597238
2024-08-28,84161.84816399956
2024-08-29,83195.27302582118
2024-08-30,84389.6052208706
2024-08-31,83180.11501098369
2024-09-01,81761.75707356099
2024-09-02,78701.49606743902
2024-09-03,80271.00758016108
2024-09-04,79826.74884926592
2024-09-05,81730.38693005165
2024-09-06,81340.74467662453
2024-09-07,77820.71099230145
2024-09-08,75983.00770454897
2024-09-09,74501.71360312257
2024-09-10,76993.93352770654
2024-09-11,80456.5927787349
2024-09-12,86137.41772989479
2024-09-13,118113.65080798915
2024-09-14,119597.29334491846
2024-09-15,122309.42961626213
2024-09-16,123476.05102796588
2024-09-17,124363.13506320202
2024-09-18,125860.21804521004
2024-09-19,126402.322525948
2024-09-20,108808.71563826386
2024-09-21,110087.54224352208
2024-09-22,111701.19430439113
2024-09-23,112839.86634862775
2024-09-24,109330.86691859229
2024-09-25,112712.26973305964
2024-09-26,111458.14325128414
2024-09-27,111343.54283063799
2024-09-28,106985.6694693432
2024-09-29,106535.53657288816
2024-09-30,104807.9423597985
2024-10-01,101933.82764407518
2024-10-02,94871.1057729271
2024-10-03,84517.92861573477
2024-10-04,107510.76720794935
2024-10-05,108028.36998008387
2024-10-06,108120.94153813642
2024-10-07,111260.68207238158
2024-10-08,114398.37102866684
2024-10-09,115244.265254776
2024-10-10,117357.12099737702
2024-10-11,105231.96417652613
2024-10-12,105885.74908156831
2024-10-13,106812.02286172973
2024-10-14,107757.30857776394
2024-10-15,108214.01114558263
2024-10-16,102739.8454027303
2024-10-17,101350.86570784927
2024-10-18,86453.76939549996
2024-10-19,86556.05637564798
2024-10-20,91602.0041571067
2024-10-21,92877.34529672627
2024-10-22,92939.78684773878
2024-10-23,93462.98481145587
2024-10-24,92260.66233941054
2024-10-25,93289.49438182107
2024-10-26,91863.54137031677
2024-10-27,92779.58082665486
2024-10-28,93453.9260869472
2024-10-29,96340.84483428164
2024-10-30,97494.53093923484
2024-10-31,98299.69768679577
2024-11-01,137099.46360331558
2024-11-02,136273.3273983678
2024-11-03,133280.29640711463
2024-11-04,130393.64996824917
2024-11-05,125290.98869921309
2024-11-06,122369.0612056188
2024-11-07,123822.1939173365
2024-11-08,102391.39537837608
2024-11-09,105742.49604200681
2024-11-10,107324.29454766904
2024-11-11,110616.07531281986
2024-11-12,114104.64327386966
2024-11-13,109093.14939469479
2024-11-14,104061.25798962987
2024-11-15,129759.80508385091
2024-11-16,134922.86060130273
2024-11-17,133623.7764543822
2024-11-18,132700.17529596755
2024-11-19,129900.59203300862
2024-11-20,126248.95903796164
2024-11-21,125133.02250251439
2024-11-22,122921.56610412158
2024-11-23,123589.28350091851
2024-11-24,120169.9795129727
2024-11-25,117601.56393469145
2024-11-26,111546.72563808931
2024-11-27,110418.13343476393
2024-11-28,107053.2638815755
2024-11-29,130993.73014698629
2024-11-30,130887.65541691301
2024-12-01,126525.18676240392
2024-12-02,125633.51343930798
2024-12-03,122789.70074536384
2024-12-04,116803.69806495764
2024-12-05,108854.94985735232
2024-12-06,91603.81298364101
2024-12-07,84627.2254669594
2024-12-08,76877.58633693402
2024-12-09,70570.40272835057
2024-12-10,64944.70680797479
2024-12-11,69007.23843837412
2024-12-12,67362.68926641715
2024-12-13,70772.49398610019
2024-12-14,72021.78502568738
2024-12-15,82050.95938677994
2024-12-16,90370.45933261153
2024-12-17,97236.08473064004
2024-12-18,104647.14220761806
2024-12-19,109472.13663435132
2024-12-20,115853.65161012117
2024-12-21,118419.92045970877
2024-12-22,121089.60711890437
2024-12-23,123541.44769196043
2024-12-24,120765.58173807546
2024-12-25,122229.68790958883
2024-12-26,122780.91372057493
2024-12-27,100408.62713767833
2024-12-28,99233.85312622614
2024-12-29,99474.29051673303
2024-12-30,99855.65001747428
2024-12-31,99583.29023218245
2025-01-01,82471.09974856972
2025-01-02,82367.66473184321
2025-01-03,108382.1049556468
2025-01-04,105984.8141075155
2025-01-05,102907.34947944725
2025-01-06,102098.6891790713
2025-01-07,102224.44306816204
2025-01-08,101167.09868807693
2025-01-09,103191.09234074235
2025-01-10,104412.5731259548
2025-01-11,107209.8816112731
2025-01-12,108674.1598761632
2025-01-13,110516.23514809982
2025-01-14,113330.71942667573
2025-01-15,117177.86547066727
2025-01-16,117691.36291948314
2025-01-17,112052.65147540791
2025-01-18,111682.9119815876
2025-01-19,112786.58391964277
2025-01-20,117275.7816826643
2025-01-21,122087.7678403658
2025-01-22,125881.04745217843
2025-01-23,128407.32552835273
2025-01-24,132522.2321749415
2025-01-25,135135.89618595838
2025-01-26,137065.18038546923
2025-01-27,139312.5074869621
2025-01-28,139657.61410306284
2025-01-29,138120.81995454684
2025-01-30,138079.1541854501
2025-01-31,136661.5405839539
2025-02-01,134058.23039045394
2025-02-02,138346.11097730286
2025-02-03,133961.324291426
2025-02-04,140068.5983363043
2025-02-05,137661.62736256947
2025-02-06,135966.0761590057
2025-02-07,151629.36536286073
2025-02-08,159764.57350812943
2025-02-09,157797.19765150294
2025-02-10,159365.4708727623
2025-02-11,158882.035712273
2025-02-12,157339.1453777931
2025-02-13,155312.54489823896
2025-02-14,123993.72641027095
2025-02-15,125581.21042776543
2025-02-16,128198.11380304146
2025-02-17,133470.52730512878
2025-02-18,139102.62748946575
2025-02-19,142818.1665238274
2025-02-20,144510.6610648409
2025-02-21,146416.73659524848
2025-02-22,150788.31644697665
2025-02-23,152251.5325515619
2025-02-24,153975.79476156965
2025-02-25,152385.60537184993
2025-02-26,148249.3802658286
2025-02-27,147649.84247745931
2025-02-28,147924.5514178189
2025-03-01,149280.13593405794
2025-03-02,149874.70775733507
2025-03-03,144258.57438140837
2025-03-04,139728.47745894984
2025-03-05,140102.50552570133
2025-03-06,140071.60289504536
2025-03-07,115568.64031725383
2025-03-08,115818.37411747404
2025-03-09,116524.73291768867
2025-03-10,117739.18773296101
2025-03-11,117903.06636429219
2025-03-12,118071.22082321222
2025-03-13,115294.27325274753
2025-03-14,110282.42694222482
2025-03-15,110168.93393249717
2025-03-16,110337.20409264659
2025-03-17,112821.1458907737
2025-03-18,113376.64604408287
2025-03-19,113402.93212282442
2025-03-20,115053.60757199525
2025-03-21,123264.71896109133
2025-03-22,123954.51234573348
2025-03-23,122073.95777299548
2025-03-24,121375.60208235634
2025-03-25,121888.0990043164
2025-03-26,122323.06337384979
2025-03-27,123583.36748959596
2025-03-28,126076.45041277439
2025-03-29,127318.23965951783
2025-03-30,127773.77138993045
2025-03-31,127517.54029570465
2025-04-01,128538.45645246631
2025-04-02,125939.38105144256
2025-04-03,124162.05750917198
2025-04-04,151537.3121971444
2025-04-05,150551.4184547436
2025-04-06,150165.1251696461
2025-04-07,146375.8517657548
2025-04-08,145092.69455895072
2025-04-09,140850.76441812437
2025-04-10,134797.00085687358
2025-04-11,103401.78113019338
2025-04-12,103427.14118120639
2025-04-13,102485.41494927177
2025-04-14,75950.24123763842
2025-04-15,72808.10951837379
2025-04-16,72177.94092272139
2025-04-17,71435.83678578208
2025-04-18,86131.86578664194
2025-04-19,84883.83442833349
2025-04-20,83023.89532846508
2025-04-21,81425.31968541096
2025-04-22,80306.44454606126
2025-04-23,80445.40797069157
2025-04-24,81052.96435095355
2025-04-25,69019.9389093766
2025-04-26,71910.9204342917
2025-04-27,72740.20844008503
2025-04-28,72504.42291861896
2025-04-29,73696.0202418997
2025-04-30,73986.16659532356
2025-05-01,78706.50498528506
2025-05-02,95746.76248673437
2025-05-03,100967.63074428642
2025-05-04,102771.19725488161
2025-05-05,103226.95162910575
2025-05-06,103590.34744622196
2025-05-07,103999.00192007718
2025-05-08,104140.45151272211
2025-05-09,97590.49788117365
2025-05-10,97412.51773834103
2025-05-11,97074.7917481018
2025-05-12,98054.86638047428
2025-05-13,98690.52514947233
2025-05-14,99066.51061200166
2025-05-15,99875.45515342908
2025-05-16,109972.50652521726
2025-05-17,110155.25959458365
2025-05-18,110453.15566136564
2025-05-19,99285.89765279493
2025-05-20,98828.93196663912
2025-05-21,99081.79849228365
2025-05-22,100474.8128092039
2025-05-23,111656.80753722087
2025-05-24,111566.91843674687
2025-05-25,111630.98274645883
2025-05-26,111682.7909098282
2025-05-27,116861.3087208567
2025-05-28,115816.35799212173
2025-05-29,109757.08995965827
2025-05-30,134784.863196678
2025-05-31,135030.3948831083
2025-06-01,134096.9970335758
2025-06-02,132385.87650635818
2025-06-03,129360.20676652923
2025-06-04,128023.49632066026
2025-06-05,128790.57429388454
2025-06-06,132264.86001623093
2025-06-07,130130.230531311
2025-06-08,129713.29466454698
2025-06-09,129045.2630749669
2025-06-10,130271.16098619411
2025-06-11,136699.40204894976
2025-06-12,136511.9460054953
2025-06-13,136886.4020349751
2025-06-14,137014.7530082382
2025-06-15,135528.62794538832
2025-06-16,130927.81360887922
2025-06-17,124587.37675971976
2025-06-18,115604.68627121187
2025-06-19,119340.97253770774
2025-06-20,120923.81228262288
2025-06-21,121919.14417905927
2025-06-22,122455.85144718766
2025-06-23,123097.22908131364
2025-06-24,120309.92414926802
2025-06-25,120031.26518754622
2025-06-26,114007.88530989316
2025-06-27,108471.63629758716
2025-06-28,108016.41671274934
2025-06-29,107974.31200689475
2025-06-30,108356.19083268393
2025-07-01,108378.57936248662
2025-07-02,108657.69936940384
2025-07-03,107883.66425396688
2025-07-04,126037.55723093297
2025-07-05,127386.59118045466
2025-07-06,129974.11206298885
2025-07-07,131205.26060027926
2025-07-08,134355.728883366
2025-07-09,135585.16336610046
2025-07-10,140031.30891714763
2025-07-11,157636.96052913132
2025-07-12,159699.63681722758
2025-07-13,162637.35794188612
2025-07-14,161560.69458130887
2025-07-15,164526.940988666
2025-07-16,162710.3913797736
2025-07-17,159912.02694383997
2025-07-18,152620.39673832952
2025-07-19,150175.4900644945
2025-07-20,147356.89589785383
2025-07-21,134621.4067034484
2025-07-22,126448.55243026694
2025-07-23,118032.32536754268
2025-07-24,114484.73025410277
2025-07-25,110366.51270357925
2025-07-26,103958.86389965848
2025-07-27,108033.75250184604
2025-07-28,112358.61977473609
2025-07-29,114411.16762569711
2025-07-30,119393.38237999947
2025-07-31,121147.47993388915
2025-08-01,194620.42148733753
2025-08-02,169285.8080592588
2025-08-03,139101.97948279092
2025-08-04,126230.61123615492
2025-08-05,163929.77166490973
2025-08-06,190963.24034138035
2025-08-07,199516.83675472348
2025-08-08,191923.87223018112
2025-08-09,205397.60768204025
2025-08-10,217918.2624443923
2025-08-11,222459.20287147444
2025-08-12,216655.8095805718
2025-08-13,208428.53637107395
2025-08-14,203067.29913382197
2025-08-15,182245.73090757718
2025-08-16,159848.9095600273
2025-08-17,155077.83745776527
2025-08-18,177915.7254168622
2025-08-19,189228.34158268364
2025-08-20,196345.0196467083
2025-08-21,210615.88081143046
2025-08-22,171660.62391464968
2025-08-23,189116.53956989234
2025-08-24,179812.47778373098
2025-08-25,155691.20569202883
2025-08-26,169297.65914192089
2025-08-27,145590.31064783974
2025-08-28,174740.3451269002
2025-08-29,223420.57698921702
2025-08-30,234672.12837998502
2025-08-31,237512.48637149428
2025-09-01,239164.03200398647
2025-09-02,235575.66926236468
2025-09-03,238024.17665521405
2025-09-04,243050.74650058267
2025-09-05,240759.78517687507
2025-09-06,258425.30589730066
2025-09-07,264180.9662963313
2025-09-08,266143.53634164756
2025-09-09,287422.0390527115
2025-09-10,288566.7853465856
2025-09-11,288745.472040622
2025-09-12,284768.2356085528
2025-09-13,279268.3536173106
2025-09-14,264470.03638405993
2025-09-15,270693.2639518057
2025-09-16,273163.9757238463
2025-09-17,276410.5398447762
2025-09-18,276000.41111878183
2025-09-19,291319.21665503515
2025-09-20,300954.9850897
2025-09-21,299723.75017368136
2025-09-22,300495.048151833
2025-09-23,305425.0700684906
2025-09-24,312412.48297021637
2025-09-25,314780.074405909
2025-09-26,274585.8924512481
2025-09-27,271361.2878168589
2025-09-28,267529.5027602003
2025-09-29,264869.52320853085
2025-09-30,263680.0774081089
2025-10-01,258777.26709873247
2025-10-02,265176.1388908534
2025-10-03,278684.3501510752
2025-10-04,291227.6851060272
2025-10-05,298915.62590141635
2025-10-06,299675.6870952118
2025-10-07,304568.6695008844
2025-10-08,297262.6921107084
2025-10-09,298731.68639131065
2025-10-10,252659.26849688907
2025-10-11,239460.58699610207
2025-10-12,241209.41636604044
2025-10-13,238719.23623049707
2025-10-14,237481.4752889169
2025-10-15,231610.94177352008
2025-10-16,223674.66268190468
2025-10-17,232492.92501435627
2025-10-18,215749.98100023132
2025-10-19,221747.6779305564
2025-10-20,222549.50195057158
2025-10-21,221203.53495020594
2025-10-22,185583.0204511086
2025-10-23,182892.79812821888
2025-10-24,168053.80260699685
2025-10-25,172006.58517390766
2025-10-26,172122.34132496544
2025-10-27,169765.29118652412
2025-10-28,167311.68817485234
2025-10-29,164823.7248877785
2025-10-30,165147.27343800015
2025-10-31,171917.17413017008
2025-11-01,156479.21345290705
2025-11-02,153573.38223587122
2025-11-03,153108.15218920013
2025-11-04,164654.03239721208
2025-11-05,164506.1451226109
2025-11-06,166835.68013177937
2025-11-07,177488.9252467482
2025-11-08,179744.1968424672
2025-11-09,179795.86993174057
2025-11-10,179246.62683511185
2025-11-11,181187.56866778067
2025-11-12,185314.82227823313
2025-11-13,188669.66332583834
2025-11-14,188213.21744774695
2025-11-15,185363.25753795475
2025-11-16,185541.65432119754
2025-11-17,184825.46375687045
2025-11-18,181740.95635434755
2025-11-19,179565.28719944274
2025-11-20,178054.48745770977
2025-11-21,184536.1951311313
2025-11-22,186096.05036840515
2025-11-23,183630.59358472313
2025-11-24,182943.33756355857
2025-11-25,181630.70237666348
2025-11-26,179226.10444016417
2025-11-27,182236.99351731894
2025-11-28,189914.1302239013
2025-11-29,195998.385400826
2025-11-30,201086.33237142567
2025-12-01,201686.19669227875
2025-12-02,198011.532408826
2025-12-03,208057.1761539924
2025-12-04,208809.31482822506
2025-12-05,206427.51989513464
2025-12-06,208441.54505895267
2025-12-07,209705.5476604564
2025-12-08,210865.09156908342
2025-12-09,210213.7327396334
2025-12-10,216196.4032531333
2025-12-11,216510.38149746635
2025-12-12,214590.1914496309
2025-12-13,217064.12568103886
2025-12-14,214428.40343879943
2025-12-15,208632.16493710538
2025-12-16,213046.4569852104
2025-12-17,221133.22432926323
2025-12-18,223674.3339936161
2025-12-19,225218.3192379501
2025-12-20,224772.64944380132
2025-12-21,239896.66956572758
2025-12-22,238262.9350371655
2025-12-23,240346.98190836995
2025-12-24,241968.07409667433
2025-12-25,241222.3131132366
2025-12-26,212762.79624980607
2025-12-27,212937.19512461833
2025-12-28,213581.60034158212
2025-12-29,214468.72135447548
2025-12-30,214144.51257381486
2025-12-31,217922.5746128315
2026-01-01,190618.87054130464
2026-01-02,168785.65341847693
2026-01-03,166964.304200691
2026-01-04,218529.67168441083
2026-01-05,220932.88744359033
2026-01-06,225735.917546865
2026-01-07,228740.6170255559
2026-01-08,227600.79848546343
2026-01-09,182638.82949703277
2026-01-10,183611.8590576507
2026-01-11,172417.77107193647
2026-01-12,173247.2470486916
2026-01-13,175376.17261014917
2026-01-14,177428.2596693112
2026-01-15,178541.3547599549
2026-01-16,178052.6898475728
2026-01-17,178565.26883309003
2026-01-18,178706.840324844
2026-01-19,180491.38178616005
2026-01-20,180361.7022640122
2026-01-21,179463.33134707855
2026-01-22,179571.8506253499
2026-01-23,174262.98318968236
2026-01-24,173827.08840899012
2026-01-25,172594.81016562355
2026-01-26,172663.89880739825
2026-01-27,173280.7399318427
2026-01-28,193174.24992677005
2026-01-29,183389.21513927833
2026-01-30,202493.8097591533
2026-01-31,167477.40055978356
2026-02-01,168728.71106933668
2026-02-02,165833.17535775944
2026-02-03,177890.98574353525
2026-02-04,176753.41241542407
2026-02-05,179317.03398113695
2026-02-06,89169.04245433045
2026-02-07,88610.97906159956
2026-02-08,87956.84502636452
2026-02-09,88051.58466636756
2026-02-10,88525.52956034381
2026-02-11,83495.23290257463
2026-02-12,81751.60256951988
2026-02-13,68512.89026789946
2026-02-14,68772.27790046833
2026-02-15,69045.22289986775
2026-02-16,68157.77704400866
2026-02-17,67930.65430555744
2026-02-18,66768.67604032718
2026-02-19,65846.42561263373
2026-02-20,62923.015316754376
2026-02-21,62328.43719660853
2026-02-22,60919.24929970945
2026-02-23,67687.98769209118
2026-02-24,67762.92192690466
2026-02-25,67547.69647105552
2026-02-26,68335.04334872922
2026-02-27,74175.49449423073
2026-02-28,72130.11301548983
2026-03-01,71672.13960023089
2026-03-02,72380.90069204506
2026-03-03,80328.30321452148
2026-03-04,80886.23626687967
2026-03-05,81089.48475180547
2026-03-06,89449.55751659589
2026-03-07,87112.18544043977
2026-03-08,84616.12419720266
2026-03-09,80632.986496729
2026-03-10,77629.04697038527
2026-03-11,77212.84416738513
2026-03-12,76701.50538511664
2026-03-13,128498.38090400306
2026-03-14,127973.50042244601
2026-03-15,128667.7368911113
2026-03-16,129285.09735294363
2026-03-17,130289.51005256662
2026-03-18,121849.69928643685
2026-03-19,119890.12288810054
2026-03-20,91155.44545287643
2026-03-21,89452.58438438075
2026-03-22,85900.06298477824
2026-03-23,92505.57564363407
2026-03-24,95436.62929435466
2026-03-25,95028.2403086225
2026-03-26,95865.87334551528
2026-03-27,101825.50670542238
2026-03-28,102620.3033483057
2026-03-29,101010.91320061883
2026-03-30,98024.45806201173
2026-03-31,97139.48512296395
2026-04-01,95038.7408729919
2026-04-02,96715.75052379457
2026-04-03,102420.59598480552
2026-04-04,103123.58401156937
2026-04-05,102861.81638444662
2026-04-06,98911.66178196351
2026-04-07,97368.27287341679
2026-04-08,96534.52496643564
2026-04-09,91895.20372151476
2026-04-10,103290.73269780759
2026-04-11,104190.57605297887
2026-04-12,103677.19805300696
2026-04-13,103815.17059385266
2026-04-14,105267.70130819279
2026-04-15,105758.4927554389
2026-04-16,108603.90121215103
2026-04-17,160737.96824675726
2026-04-18,161738.9425779983
2026-04-19,160837.0877360685
2026-04-20,157796.45879491136
2026-04-21,161127.83142913872
2026-04-22,164510.36437490478
2026-04-23,167546.0688341527
2026-04-24,166081.03975275485
2026-04-25,165687.61909820582
2026-04-26,167068.60552968222
2026-04-27,167087.1850186683
2026-04-28,167166.9654207109
2026-04-29,166341.82977501708
2026-04-30,167039.78342728587
2026-05-01,176707.99239621515
2026-05-02,178132.36143470262
2026-05-03,178266.9052912471
2026-05-04,178162.3942805996
2026-05-05,177764.3412186243
2026-05-06,180726.95569437547
2026-05-07,180116.84209239692
2026-05-08,176230.8275126467
2026-05-09,176768.2542149854
2026-05-10,165227.3631670333
2026-05-11,164401.5939028325
2026-05-12,165692.5220301999
2026-05-13,167092.92175067423
2026-05-14,168192.37686344472
2026-05-15,143846.71448412686
2026-05-16,144950.64103711137
2026-05-17,143980.1648959409
2026-05-18,144529.1789829143
2026-05-19,127815.92282427188
2026-05-20,128552.07144595262
2026-05-21,127013.30730450033
2026-05-22,113362.77744461325
2026-05-23,112525.53784435053
2026-05-24,112947.92301516302
2026-05-25,115363.33992509053
2026-05-26,119506.7804164416
2026-05-27,118232.5018829289
2026-05-28,112908.47657184742
2026-05-29,106580.08463544108
2026-05-30,107274.93359929777
2026-05-31,99824.7589656249
2026-06-01,99668.40455209186
2026-06-02,100179.27445659193
2026-06-03,100790.14363373003
2026-06-04,101479.64814597812
2026-06-05,97437.38527555381
2026-06-06,97474.45272452522
2026-06-07,99485.07786326716
2026-06-08,95556.53008662372
2026-06-09,92777.70829015964
2026-06-10,97498.41470989458
2026-06-11,95918.24703107176
2026-06-12,135421.85509465035
2026-06-13,130793.44439311378
2026-06-14,126274.1440968216
2026-06-15,128112.12180760343
2026-06-16,129281.20299239179
2026-06-17,127376.57611936751
2026-06-18,123816.62603771636
2026-06-19,140336.03278651313
2026-06-20,140133.99507603154
2026-06-21,139495.98458706078
2026-06-22,138711.17994590497
2026-06-23,137613.07714282282
2026-06-24,138108.78617508622
2026-06-25,138556.84846404346
2026-06-26,122502.65422763444
2026-06-27,125431.03736883347
2026-06-28,123939.50328062988
2026-06-29,124632.89287472895
2026-06-30,124033.9575574648
2026-07-01,121817.91735551936
2026-07-02,115903.66794107549
2026-07-03,112059.98044046688
2026-07-04,110374.37567629057
2026-07-05,109646.260842757
2026-07-06,105148.41785117915
2026-07-07,105704.65909981988
2026-07-08,103519.47669242832
2026-07-09,101714.70508821089
2026-07-10,132353.0960566548
2026-07-11,130124.21075981573
2026-07-12,125458.8002127293
2026-07-13,113713.52052102411
2026-07-14,114599.54636997983
2026-07-15,115383.09999317373
2026-07-16,115960.4138221446
2026-07-17,117669.82922531078
2026-07-18,107044.5123100084
2026-07-19,107152.79115391565
2026-07-20,103602.12893803405
2026-07-21,104485.90058579839
2026-07-22,104189.17018788142
