symbol,days,sharpe_net,sharpe_gross
RAYUSDT,1678,1.1854184887286503,1.2332422303388535
HNTUSDT,1218,1.119980441382028,1.2958064614909353
FTMUSDT,2007,0.9987020201984304,1.0916302805475049
ALTUSDT,789,0.9574806573546764,1.0320184697807784
MATICUSDT,1300,0.8960165665595053,0.9938068743960226
BNBUSDT,2234,0.8923510838546023,0.964083009349773
TRXUSDT,2260,0.8284856904993675,0.9110041127987396
ARKMUSDT,971,0.826534507743834,0.9041683240113219
THETAUSDT,2127,0.8085704169408743,0.8322269187214312
ANTUSDT,764,0.7981335752058839,0.8900255487755596
INJUSDT,1316,0.7794277943284974,0.8209057609677904
SOLUSDT,2017,0.7774129035892832,0.9345970624517388
NMRUSDT,1006,0.76565931977941,0.7626100318811655
BTCUSDT,2275,0.7333080213118912,0.9398063800884864
STXUSDT,1127,0.6839532852860483,0.7570641134412146
SRMUSDT,1242,0.6628092957028066,0.8295087252908614
ETHUSDT,2275,0.6413293195292806,0.8258506429123891
ADAUSDT,2244,0.6360446930569126,0.7642485255104944
DOGEUSDT,2062,0.6359603325531459,0.6853475210099099
CYBERUSDT,946,0.6333941411281493,0.7474780257398502
DYMUSDT,776,0.6305426163963554,0.7335672165237817
VETUSDT,2230,0.6090072760851531,0.7055466129543073
YGGUSDT,963,0.6061028682099211,0.6821500587692786
EGLDUSDT,2017,0.583594269698532,0.6322755263762022
ILVUSDT,865,0.5730871746481971,0.5763287805856556
KLAYUSDT,1625,0.5644792527242832,0.6336788944974617
RUNEUSDT,2027,0.5512988224939487,0.6010241823142103
OMUSDT,770,0.5350190654210509,0.7429302894734809
NEOUSDT,2227,0.533149761581301,0.6386078337719561
1000FLOKIUSDT,1053,0.5177903080703028,0.6078129297488921
XAIUSDT,805,0.510771423508454,0.5722167433809022
NFPUSDT,818,0.5073719880271222,0.48867613434819956
AVAXUSDT,2008,0.5044024857441991,0.6043287037750097
JOEUSDT,1091,0.49708934049055714,0.575124572018155
MDTUSDT,998,0.486764572022166,0.5685847634433773
FXSUSDT,1160,0.48056964592214607,0.5227738315267061
SANDUSDT,1884,0.46821356566383343,0.510335721477094
1000SATSUSDT,833,0.45854659484180765,0.42573518493607254
GMTUSDT,1469,0.4575820262237498,0.5124628080861178
TLMUSDT,1713,0.4448240387723393,0.48734081430668913
ACEUSDT,827,0.4313462698641218,0.4328504271778916
GRTUSDT,1921,0.4300395337708578,0.4676914620329242
IOTAUSDT,2184,0.42228806535703894,0.5422760591014386
IOTXUSDT,1686,0.42217877943579246,0.46631726988320416
AIUSDT,806,0.4189186663636483,0.3925342775556119
OPUSDT,1392,0.418633935186977,0.46436032642444175
IOSTUSDT,2223,0.412306074421434,0.5252325265480133
LOOMUSDT,895,0.4102569602411275,0.6333454112870327
GALAUSDT,1649,0.4084865531349733,0.43757065606844425
FTTUSDT,1440,0.3983766718084914,0.4583136436727991
RDNTUSDT,1084,0.3911012276563813,0.45883053617316155
XVSUSDT,1077,0.38483594574931196,0.4742421518130085
MANTAUSDT,796,0.37805640625840103,0.411600237320134
RIFUSDT,884,0.37657543744620875,0.43427451144232687
POLYXUSDT,882,0.37220832569619683,0.508554049275966
SEIUSDT,951,0.371222100640076,0.5309045794506123
PENDLEUSDT,971,0.3678866768924443,0.4532613347739985
BNXUSDT,1452,0.36664127698291754,0.38476859271785724
KSMUSDT,1987,0.366142975346323,0.4713286711697517
DOTUSDT,2040,0.3599567814832746,0.5133216931045405
AGLDUSDT,970,0.3528414864157198,0.3871037610559792
SUIUSDT,1056,0.35274969858659205,0.4134276059355403
LINKUSDT,2258,0.3485035000150914,0.45270863229125724
BLURUSDT,1061,0.33879220994020537,0.39188898547777556
RONINUSDT,778,0.33824420725865245,0.5240824809031465
ARBUSDT,1097,0.33809383954868055,0.37899255528564324
AGIXUSDT,1132,0.33602434565463457,0.39076403226497514
BADGERUSDT,866,0.32387997060822143,0.38120618781030413
C98USDT,1674,0.31904584064289065,0.3623005553291494
PORTALUSDT,754,0.3184460809126349,0.29052972001589494
MEMEUSDT,872,0.3077879294310846,0.40540490021353615
ARPAUSDT,1618,0.30361900171743345,0.3632843868054475
ATOMUSDT,2237,0.301349323326558,0.4837277020255016
ONEUSDT,1832,0.2896557706917945,0.32779390706194517
PIXELUSDT,764,0.28856393905536937,0.30088928649484836
PERPUSDT,1045,0.2871902094550623,0.3760353465117751
MKRUSDT,2049,0.2856680195150448,0.3943770568754523
XEMUSDT,1847,0.2844680230689094,0.31107585136471566
1000SHIBUSDT,1779,0.28435236016548077,0.3418594939212131
UMAUSDT,993,0.2781602215268995,0.3090419470822896
APTUSDT,1253,0.2778573055596972,0.41075241492541364
FLOWUSDT,1499,0.2766517244243346,0.3977739588979358
ICXUSDT,2016,0.2708509341448072,0.40443576457540775
SLPUSDT,875,0.2678788382170742,0.3326902815157103
ZETAUSDT,781,0.2626921321173284,0.322428909972496
CELOUSDT,1640,0.2597445338268741,0.3084985205435407
ALGOUSDT,2107,0.25790023520757244,0.33254457061163967
PHBUSDT,1132,0.24988345393007683,0.3003177558853751
XRPUSDT,2269,0.2428405059012573,0.35628469226644166
RLCUSDT,2062,0.23948422958366666,0.35849849730720146
STRKUSDT,763,0.23947917334547336,0.2651311942089271
MAVUSDT,999,0.2379759925255487,0.29859125620340776
OXTUSDT,956,0.23180718683828963,0.3547796061517175
SCUSDT,1807,0.23030696984840016,0.2769968921496493
CKBUSDT,1120,0.21567185018813698,0.2656482428797366
BLZUSDT,2014,0.21421431258442084,0.22306906364360535
BATUSDT,2231,0.21323813833409513,0.3094117456476497
TUSDT,1147,0.21273182019402945,0.27610654887120134
ARUSDT,1639,0.2104280696254697,0.21967051268977036
HBARUSDT,1833,0.2058593419751123,0.2721917132615491
NTRNUSDT,861,0.2011703535171957,0.1969818782320033
JASMYUSDT,1435,0.19702974899115833,0.2707214928174868
FILUSDT,1985,0.19109510397217133,0.2375474079733514
FETUSDT,1163,0.19012294803046972,0.2835999958049572
DEFIUSDT,2034,0.18915187903582506,0.3719155811220535
BCHUSDT,2275,0.18750198922826022,0.2811631892079514
OMGUSDT,2091,0.18354335014387788,0.18412865498055359
LUNA2USDT,1292,0.1829052147658851,0.20126368072175063
ZILUSDT,2105,0.17940640374219474,0.24954826570393093
HIGHUSDT,1142,0.17758413834764727,0.22496645538502202
STRAXUSDT,896,0.17651417838698796,0.3356786583671216
ALICEUSDT,1835,0.17523176643544325,0.20801004821204278
TIAUSDT,875,0.16526964813233397,0.2530251541756505
CHRUSDT,1838,0.16005183124038488,0.20588767159704305
TOKENUSDT,872,0.15372968471892665,0.2634324392691338
MOVRUSDT,819,0.14620508199030427,0.1532222008725582
IDUSDT,1097,0.14568992317578822,0.2398824490667947
HOTUSDT,1820,0.14185171728107954,0.18369893911961674
CELRUSDT,1821,0.14087309308029117,0.20898880610700246
GLMRUSDT,911,0.13552188355175246,0.22215322853845998
BONDUSDT,891,0.13397634633930025,0.17695533424010854
TOMOUSDT,1204,0.12984196387824437,0.21006125360384043
DUSKUSDT,1538,0.12937367862589486,0.10702283262570772
ROSEUSDT,1540,0.12603905903454496,0.16831072533674096
HOOKUSDT,1157,0.12592061654756273,0.12080623294227408
QTUMUSDT,2193,0.12426214220385308,0.23934245899921588
SUSHIUSDT,2027,0.10942013098495212,0.16556592044928628
POWRUSDT,880,0.1082989146740338,0.09302707225036917
ICPUSDT,1779,0.10773087511722683,0.16535997019365717
NEARUSDT,1986,0.10228403588612696,0.1831085092022308
WAVESUSDT,2050,0.09989461853784504,0.23761947005616305
1000PEPEUSDT,1054,0.09920732814144834,0.1798344283633986
ONTUSDT,2233,0.09750535356707093,0.19369574120643163
IMXUSDT,1498,0.09664030584063434,0.20659352468588427
1000XECUSDT,1650,0.09436317113413102,0.1611894625838582
KEYUSDT,1035,0.09207361270692734,0.16757273135116044
SKLUSDT,1932,0.09094200857226015,0.13020886637676615
RADUSDT,1049,0.09045596256873234,0.18341281638622042
SSVUSDT,1124,0.09041312661703693,0.11952473841817077
AXLUSDT,753,0.08995335058655737,0.22497183463183731
XLMUSDT,2255,0.08037190649672712,0.20024633603404304
ZECUSDT,2239,0.07986575728980595,0.152201433563372
MINAUSDT,1141,0.07968710269991289,0.17113559551686683
BICOUSDT,908,0.07464118214992212,0.1424214867988061
MANAUSDT,1835,0.07009724185494594,0.1198938358961563
DYDXUSDT,1657,0.06981843663636098,0.09829372590433791
ETCUSDT,2259,0.06938320513529353,0.1560646593396658
ATAUSDT,1667,0.06910446710210931,0.10590822570108882
TRBUSDT,2028,0.06727926818386908,-0.09159992633239902
LTCUSDT,2266,0.06656571406036597,0.19891943789918726
TRUUSDT,1113,0.06456027826396424,0.13426725435771067
BOMEUSDT,738,0.0633258540867492,0.06694840067858747
ZRXUSDT,2067,0.05841940527116491,0.18209002286769185
BTSUSDT,1092,0.05550597013396613,0.031785363162462985
LRCUSDT,1982,0.05438176742645973,0.12644363674924575
BIGTIMEUSDT,894,0.05267346997137013,0.07358815436329659
CVXUSDT,1279,0.05205009937420484,0.16286487623323037
DASHUSDT,2240,0.04710019811112459,0.07415430037857536
OCEANUSDT,1967,0.03628183177216007,0.14530141311023162
DENTUSDT,1827,0.03337753698170656,0.10563009608960812
RSRUSDT,1982,0.026839895512929555,0.09635736100971841
AUDIOUSDT,894,0.000841311303354301,0.06735945428753069
CTSIUSDT,1611,-0.009197076135628568,0.0459983897358178
PEOPLEUSDT,1547,-0.013842633938810491,0.00139734780545218
AXSUSDT,1950,-0.019720496560883403,0.12631095052862584
SNXUSDT,2048,-0.022102924173640424,0.07454282582677427
STORJUSDT,2015,-0.02979536273802368,0.08266342099327942
1000LUNCUSDT,1292,-0.04559626718095656,-0.027300189057524394
YFIUSDT,2031,-0.05196623499025914,0.0249947840868834
WIFUSDT,796,-0.05456515683452034,0.008704047218343627
ASTRUSDT,1135,-0.054622601672381886,0.0047907830049033805
MAGICUSDT,1155,-0.05563672705258171,0.12082508075988306
STEEMUSDT,867,-0.05772566846922897,-0.03189975767347044
VANRYUSDT,741,-0.05807164000892445,-0.048594690058702775
IDEXUSDT,1034,-0.06296054583340273,0.022422391424891094
MASKUSDT,1671,-0.06326555549413394,-0.04472106129715861
ANKRUSDT,1883,-0.08305562667235578,-0.01388367349414292
ZENUSDT,1946,-0.08626006892966519,-0.06168845435362813
METISUSDT,742,-0.08800950276842974,-0.0662120838827094
SPELLUSDT,1295,-0.08916214992087079,-0.04226601569804189
KAVAUSDT,2065,-0.09186893548488895,0.07837690966625958
CRVUSDT,2030,-0.11293221623099042,-0.0556942467838843
COTIUSDT,1840,-0.11401164715405397,-0.07776926082811876
ENJUSDT,2002,-0.11937594896035393,0.03422614656940807
ACHUSDT,1126,-0.12359833430891093,-0.06255471200921295
SXPUSDT,2020,-0.12545223168088376,-0.0760208449460443
COMPUSDT,2093,-0.1261329640941875,-0.046296335060417595
GASUSDT,882,-0.1300079226818513,-0.07880439365022908
UNIUSDT,2013,-0.13049465804770596,-0.057458140988736604
WOOUSDT,1447,-0.13892743512604805,-0.10872066866194799
BSVUSDT,886,-0.13913015219634267,-0.021953185780298548
CVCUSDT,1959,-0.13999902306389336,-0.08283108888773402
REEFUSDT,1856,-0.15056672210334252,-0.11598307330139239
ENSUSDT,1576,-0.15259231465635847,-0.11699967684094732
LQTYUSDT,1110,-0.15304462063033963,-0.09741003231265456
XTZUSDT,2238,-0.15693675448727185,-0.027850443962531512
MYROUSDT,749,-0.16497290970693945,-0.18229602656408408
ARKUSDT,917,-0.1679587623739688,0.04397697350675064
XVGUSDT,991,-0.17105804402252475,-0.18078726486100768
WLDUSDT,974,-0.17510643512139182,-0.09805792046218817
CHZUSDT,1888,-0.18212461614871076,-0.11538869358474821
ONDOUSDT,794,-0.19771041614315446,-0.19449343076475895
AEVOUSDT,741,-0.19796321425736,-0.23679906888403895
DGBUSDT,1799,-0.20894435286243412,-0.1554101281935158
BALUSDT,2030,-0.20966562394974023,-0.07709951443542214
ONGUSDT,848,-0.2105330796623219,-0.047106456286336605
LINAUSDT,1831,-0.22111955500146807,-0.2233781053800619
BAKEUSDT,1770,-0.23171043937152477,-0.23891362383546247
APEUSDT,1468,-0.23410988915176922,-0.14923189967063055
KASUSDT,859,-0.24182429506342332,-0.23346429698659982
ALPHAUSDT,1947,-0.24207498893030996,-0.19590654695714702
1INCHUSDT,1915,-0.2506430781273501,-0.2000427024557205
BEAMXUSDT,858,-0.2533086076013194,-0.1769504497386775
CFXUSDT,1128,-0.2617096193150629,-0.24300941293355793
EOSUSDT,1840,-0.26214495197205157,-0.19282348336506774
XMRUSDT,2241,-0.26514197531821704,-0.10415196002164692
OGNUSDT,1818,-0.27027731134419397,-0.18898713683592513
WAXPUSDT,867,-0.2755274113141393,-0.19939637488782266
ETHWUSDT,847,-0.28117008578205455,-0.1887171997878884
ETHFIUSDT,736,-0.2822750187688014,-0.2687316925921377
LEVERUSDT,1067,-0.282610430901911,-0.2474255596840206
QNTUSDT,1252,-0.2885891826131965,-0.20945346855294372
AAVEUSDT,1985,-0.2903674943191712,-0.21496545081473312
ORBSUSDT,884,-0.29472680979406385,-0.1139356507390351
DODOXUSDT,959,-0.30736500480726964,-0.19179153717220626
BTCDOMUSDT,1738,-0.3113283319462618,-0.09884834104957324
STGUSDT,1307,-0.3187509909548288,-0.2887827130612637
SUPERUSDT,849,-0.331785078544463,0.027888881758888363
PYTHUSDT,853,-0.3325219779355436,-0.30546268905272456
RENUSDT,1988,-0.34745772577575246,-0.2559757147627399
LPTUSDT,1595,-0.3502279794207243,-0.14862788606787794
TONUSDT,753,-0.3523124024855635,-0.35832712511183995
DARUSDT,1426,-0.35829244085638373,-0.3068620676107077
FLMUSDT,2002,-0.3637914876514717,-0.26425183149919756
MTLUSDT,1819,-0.3738219716039078,-0.20412052276010134
COMBOUSDT,1026,-0.40674268470955094,-0.32693933391665486
JTOUSDT,837,-0.4109860751315466,-0.2960825035502498
CAKEUSDT,873,-0.4233293931127535,-0.38251057482858314
AMBUSDT,1090,-0.4378717088955761,-0.38536752877395186
1000RATSUSDT,830,-0.4385626056957778,-0.5220584734686085
STPTUSDT,866,-0.4482576825617206,-0.35525629925946967
LDOUSDT,1279,-0.4569273596927573,-0.4178739637858868
LSKUSDT,789,-0.4634501688233406,-0.15939074397363737
SNTUSDT,873,-0.46490238363165814,-0.3623019956551748
GTCUSDT,1748,-0.48107247429215133,-0.46061508789920824
UNFIUSDT,1859,-0.49077412278399307,-0.5209282785330333
BANDUSDT,2064,-0.4998976033871632,-0.41762129428867695
LITUSDT,1860,-0.5029634466478552,-0.4409655229999025
BELUSDT,1952,-0.5194204752327664,-0.46110228667652164
CTKUSDT,1951,-0.5205100593714569,-0.42737643585299784
NKNUSDT,1810,-0.5260865219039507,-0.4287295848549698
1000BONKUSDT,853,-0.5553782822062826,-0.49503981787413576
STMXUSDT,1828,-0.5848145808148552,-0.5160337709118762
RVNUSDT,1855,-0.5855007625755806,-0.5415354114074348
HFTUSDT,1067,-0.5889650192630257,-0.542850496358116
KNCUSDT,2070,-0.6166012434615127,-0.5474613435611604
HIFIUSDT,920,-0.6222274372384656,-0.5998874426708821
BNTUSDT,957,-0.6362529714329291,-0.5262700315021523
API3USDT,1492,-0.6436007121058749,-0.5038783558589653
EDUUSDT,1059,-0.6903272693662434,-0.6133250659353242
AUCTIONUSDT,830,-0.6957250658947796,-0.6838371356546217
GMXUSDT,1131,-0.7273023293805081,-0.6919817429953795
ORDIUSDT,868,-0.8513468969949362,-0.8542579342257761
TWTUSDT,872,-0.8819613986631767,-0.7862928582956158
MAVIAUSDT,762,-0.8910006922249218,-0.9197693569456109
SFPUSDT,1854,-1.0533706273531862,-0.993277352619097
JUPUSDT,783,-1.076965965426035,-0.9912280006948968
GLMUSDT,761,-1.161078858187145,-0.771800060672271
