group,label,days,start,end,total_return,cagr,ann_vol,sharpe_net,sharpe_gross,max_drawdown,design_sharpe_net,holdout_sharpe_net,design_total_return,holdout_total_return,ann_turnover,avg_gross_exposure,cost_drag_ann,funding_drag_ann,long_pnl,short_pnl,hit_rate,avg_positions,avg_live,ruined,ruin_date,avg_held_ex_ante_vol,avg_target_tracking_error
baseline,baseline,2395,2020-01-01,2026-07-22,2.4208230602165988,0.2061517497028693,0.1991373684128463,1.0405665930198096,1.1540303026778966,-0.30129577671601226,0.682845852916539,1.5388579742410073,0.5603616417735964,1.1923270661333967,17.13170532068179,0.41847572718133974,0.01713170532068179,0.00011809141049022634,188731.53662884852,74638.86234102258,0.48768267223382045,145.0204592901879,143.28434237995825,False,,0.1948511855004026,0.047981701557964974
ablation,no_sector_weights,2395,2020-01-01,2026-07-22,1.934346485517219,0.178281684105561,0.19135346195546846,0.9529906507385159,1.1020685511596373,-0.21362976989504412,0.9729356296177958,0.9302078935788295,0.8940065102321875,0.5492800418925146,10.504288273462924,0.4046347419209991,0.010504288273462923,0.01775361493118809,147361.65712188318,82039.45482419815,0.48768267223382045,148.64843423799582,143.28434237995825,False,,0.19357876624054826,0.06403278160869631
ablation,no_risk_targeting,2395,2020-01-01,2026-07-22,2.397932029714961,0.20491819332998795,0.27335980433139057,0.8182362358521479,0.9582757867862843,-0.43088312170037457,0.3758361188507341,1.2848263150314863,0.25503592055094426,1.7074380693608462,20.206557254027853,0.5076944910511526,0.020206557254027854,0.013190029078869079,174120.08920360153,102839.50806665194,0.48851774530271397,145.0204592901879,143.28434237995825,False,,0.2380087121494041,0.05524206015892089
ablation,no_buffer,2395,2020-01-01,2026-07-22,2.4634213507495986,0.2084287880643243,0.20762256537494667,1.0153176694430233,1.1399548038980774,-0.3139669679895114,0.6418133174926378,1.527742399888122,0.5305773141092365,1.2628202566593223,20.192869044329825,0.44677448955105675,0.020192869044329827,0.0006758693703365478,190286.15403246565,81789.74170738639,0.4881002087682672,148.7670146137787,143.28434237995825,False,,0.20011195854682456,0.004306664127647431
ablation,equal_notional,2395,2020-01-01,2026-07-22,1.9073789662278244,0.1766249076990547,0.19732895863058006,0.9227152497374949,1.0282541440385717,-0.3204065568092277,0.635284139225831,1.32563201674979,0.5023198844677252,0.9352595917066719,16.811362938456988,0.41060008492866334,0.01681136293845699,-0.0005495286121125135,162928.5036941068,46771.79588144642,0.48183716075156574,142.59039665970772,143.28434237995825,False,,0.19459597387450156,0.04393982908570497
ablation,no_costs,2395,2020-01-01,2026-07-22,2.9841011143600014,0.2344992970532187,0.19975963851579023,1.154296987430349,1.154296987430349,-0.2859406342223447,0.8592600735784167,1.5656144752158767,0.7846311386417677,1.2324507446352122,17.41018376488144,0.4183075399906015,0.0,0.0,206535.1671744,91874.94426159997,0.49144050104384135,145.0204592901879,143.28434237995825,False,,0.19478791689305602,0.04786873802720554
ablation,no_funding,2395,2020-01-01,2026-07-22,2.5903782713368857,0.21507708636272738,0.19979689892287347,1.0747125563330029,1.1543297372586183,-0.302711087227698,0.7901285446335706,1.471333385147105,0.6939206511223788,1.1195669755592914,17.25807242374695,0.41845122248371425,0.017258072423746947,0.0,198786.42352417388,83385.94324044729,0.4868475991649269,145.0204592901879,143.28434237995825,False,,0.19479924563734047,0.047928337791297626
response,response_tanh,2395,2020-01-01,2026-07-22,2.4208230602165988,0.2061517497028693,0.1991373684128463,1.0405665930198096,1.1540303026778966,-0.30129577671601226,0.682845852916539,1.5388579742410073,0.5603616417735964,1.1923270661333967,17.13170532068179,0.41847572718133974,0.01713170532068179,0.00011809141049022634,188731.53662884852,74638.86234102258,0.48768267223382045,145.0204592901879,143.28434237995825,False,,0.1948511855004026,0.047981701557964974
response,response_overextension,2395,2020-01-01,2026-07-22,1.7374352128489092,0.16587386740902277,0.19928608186131502,0.8692055825988299,0.9721055730638779,-0.30966680456006046,0.7540685618084197,1.03836987121786,0.666457180000005,0.6426675978850542,17.785360944930723,0.4034132204547284,0.017785360944930724,-0.0007057512094046937,141367.68570767142,53093.896454128975,0.48643006263048016,145.0572025052192,143.28434237995825,False,,0.19587801201966923,0.050081456542404264
response,response_linear,2395,2020-01-01,2026-07-22,2.3910465838011303,0.20454577113259975,0.2001115216200746,1.0297997478452714,1.141786256471719,-0.31246389201486335,0.6873624633926364,1.5099037208430417,0.5706534703116837,1.1590036554200616,17.354001273499183,0.4210330682254668,0.017354001273499182,-0.00032732588911244025,181240.55184302447,78933.34819534462,0.49018789144050107,145.88601252609604,143.28434237995825,False,,0.19592009947068378,0.0437283943451358
response,response_binary,2395,2020-01-01,2026-07-22,2.8173540288942065,0.22648172524153476,0.1933491941189032,1.1523388833505797,1.2920197960477,-0.2881093377650076,0.7754151378562564,1.6972688148731998,0.6654643501930742,1.2920658904837365,20.14935190769851,0.4571254839071542,0.020149351907698503,0.0003333291566083451,209792.45150009874,98675.3679828013,0.49144050104384135,148.7670146137787,143.28434237995825,False,,0.196135283419666,0.040563992014193924
vol_forecast,vol_blend,2395,2020-01-01,2026-07-22,2.4208230602165988,0.2061517497028693,0.1991373684128463,1.0405665930198096,1.1540303026778966,-0.30129577671601226,0.682845852916539,1.5388579742410073,0.5603616417735964,1.1923270661333967,17.13170532068179,0.41847572718133974,0.01713170532068179,0.00011809141049022634,188731.53662884852,74638.86234102258,0.48768267223382045,145.0204592901879,143.28434237995825,False,,0.1948511855004026,0.047981701557964974
vol_forecast,vol_short,2395,2020-01-01,2026-07-22,3.120023070534371,0.2408269566045822,0.21726458052318692,1.101454122896447,1.2270421996815268,-0.2602731682419581,0.740390662259581,1.6090039695467033,0.6951570078960976,1.430466942792418,19.463386572491785,0.45942984712607743,0.019463386572491782,0.0012834956979392365,235318.03130291647,104950.2290551312,0.48559498956158664,144.8338204592902,143.28434237995825,False,,0.1947572851218695,0.053513648550992124
vol_forecast,vol_long,2395,2020-01-01,2026-07-22,1.7509605712216856,0.16674993228180868,0.19779050271943044,0.8780416325479279,0.9454397221499408,-0.3554305783544349,0.5920921418082027,1.259697445098205,0.443645653539791,0.9055649594319661,15.314812955328533,0.38896820101022406,0.015314812955328532,-0.007461864575780425,126163.09981652308,57650.23892899391,0.4918580375782881,145.12734864300626,143.28434237995825,False,,0.19523591396283563,0.04564196748874921
vol_forecast,vol_ewma,2395,2020-01-01,2026-07-22,2.577454596040998,0.21440951072159775,0.20137429340009141,1.0650994930956292,1.1986280280460744,-0.2971725708942239,0.6847658888847945,1.6108833622078567,0.5783052487548797,1.2666430330021656,18.09288146096731,0.441703054491005,0.018092881460967304,0.004426260507521746,200875.4271707374,84833.90354383692,0.49144050104384135,144.89144050104383,143.28434237995825,False,,0.19422343952831442,0.05242748719666891
buffer,buffer_0,2395,2020-01-01,2026-07-22,2.4634213507495986,0.2084287880643243,0.20762256537494667,1.0153176694430233,1.1399548038980774,-0.3139669679895114,0.6418133174926378,1.527742399888122,0.5305773141092365,1.2628202566593223,20.192869044329825,0.44677448955105675,0.020192869044329827,0.0006758693703365478,190286.15403246565,81789.74170738639,0.4881002087682672,148.7670146137787,143.28434237995825,False,,0.20011195854682456,0.004306664127647431
buffer,buffer_0.05,2395,2020-01-01,2026-07-22,2.474174488471556,0.20899982941491868,0.2044121880297569,1.0304100084613204,1.146433067112428,-0.3043286946203251,0.6671688247886411,1.5320030124655315,0.5541531166162785,1.2354132622630978,18.01164525692544,0.43786269344598355,0.018011645256925442,0.000430306741167218,189041.6546283188,81196.48421674082,0.4860125260960334,147.7561586638831,143.28434237995825,False,,0.1983462779418121,0.026674814020965925
buffer,buffer_0.1,2395,2020-01-01,2026-07-22,2.4208230602165988,0.2061517497028693,0.1991373684128463,1.0405665930198096,1.1540303026778966,-0.30129577671601226,0.682845852916539,1.5388579742410073,0.5603616417735964,1.1923270661333967,17.13170532068179,0.41847572718133974,0.01713170532068179,0.00011809141049022634,188731.53662884852,74638.86234102258,0.48768267223382045,145.0204592901879,143.28434237995825,False,,0.1948511855004026,0.047981701557964974
buffer,buffer_0.2,2395,2020-01-01,2026-07-22,2.43973127519537,0.20716541398912902,0.19224026540662223,1.0752850797767208,1.1815172092162374,-0.29523972297373,0.7069462513773385,1.589882899291406,0.5683604915343967,1.1932019416212967,16.12112634376233,0.39616540046012694,0.01612112634376233,-0.0013335500007529185,188847.83259214717,73425.15591644158,0.4881002087682672,84.02254697286013,143.28434237995825,False,,0.19143295347315184,0.07892152482910052
buffer,buffer_0.4,2395,2020-01-01,2026-07-22,2.5538451304545826,0.21318466201061237,0.19206072786488035,1.1020357327796508,1.2044395683185145,-0.2840366360773061,0.7457295414784524,1.598414501221858,0.6115994523536508,1.2051665041610624,15.047247334392768,0.41096699974155937,0.015047247334392765,-0.0011801529070970356,194646.13652738644,78283.83828832037,0.49269311064718163,65.97578288100209,143.28434237995825,False,,0.19190882392176303,0.10123756337573461
cost,cost_0bps,2395,2020-01-01,2026-07-22,2.796027670259063,0.22543499860376204,0.1991052171249581,1.1203983325629356,1.1539984357584439,-0.2754727701218316,0.752103475726768,1.6335636701550935,0.6439435271757541,1.3090985836846385,17.286979245999962,0.41833129699326044,0.0,-0.001093705800979621,195804.01713212603,82378.66367261473,0.48893528183716073,145.0204592901879,143.28434237995825,False,,0.19483981247076362,0.0479209950419306
cost,cost_2bps,2395,2020-01-01,2026-07-22,2.7178373901361397,0.22155417337647076,0.19911088036627458,1.1044344972159605,1.1540048092350816,-0.2794723893227481,0.7382510665681273,1.614629513503174,0.6268780057619963,1.2852588681932429,17.256022303908072,0.4183598514322003,0.0034512044607816145,-0.0008500118723217144,194349.25428675,80777.48989207967,0.48851774530271397,145.0204592901879,143.28434237995825,False,,0.1948420837082821,0.04793281710147048
cost,cost_5bps,2395,2020-01-01,2026-07-22,2.6035555251552926,0.2157556668622247,0.1991200951618369,1.0804862759829865,1.15401439968838,-0.2877344954050516,0.7174732229987854,1.5862215491190317,0.6016099355313962,1.2499582733667753,17.209492686169757,0.4184029952632774,0.008604746343084876,-0.000485707389768592,192205.3433772136,78426.34231037943,0.4881002087682672,145.0204592901879,143.28434237995825,False,,0.19484549604847126,0.04795085047455503
cost,cost_10bps,2395,2020-01-01,2026-07-22,2.4208230602165988,0.2061517497028693,0.1991373684128463,1.0405665930198096,1.1540303026778966,-0.30129577671601226,0.682845852916539,1.5388579742410073,0.5603616417735964,1.1923270661333967,17.13170532068179,0.41847572718133974,0.01713170532068179,0.00011809141049022634,188731.53662884852,74638.86234102258,0.48768267223382045,145.0204592901879,143.28434237995825,False,,0.1948511855004026,0.047981701557964974
cost,cost_20bps,2395,2020-01-01,2026-07-22,2.0826416344442364,0.187168267384328,0.19917907352939,0.9607120065085456,1.1540639145695095,-0.32765079825113586,0.6136070311531946,1.444074651791782,0.48101380321138887,1.0814401781805967,16.975344555598372,0.41862451618850044,0.033950689111196745,0.0013124538580329,182140.42232668702,67531.3502073571,0.4851774530271399,145.0204592901879,143.28434237995825,False,,0.19486261871457658,0.048046479058738656
speed,speed_16_48,2395,2020-01-01,2026-07-22,1.2618114246395278,0.13245108015603435,0.19889448269272061,0.7245072563384493,0.8106777143945776,-0.4434608107823874,0.22842014024165946,1.3976820638728162,0.10636064250789712,1.044370829671287,18.244311373622892,0.40302260144007646,0.018244311373622892,-0.0033309391862879102,123396.7512853675,16971.70152868398,0.4906054279749478,144.77453027139876,143.28434237995825,False,,0.19161907344446044,0.05160729598057897
speed,speed_32_96,2395,2020-01-01,2026-07-22,1.0715718813851178,0.11738898349429783,0.198771185940128,0.6572826316477844,0.7571513042626046,-0.39646317942685516,0.33942152765791384,1.1023504237982713,0.2043427516957126,0.7200849828409301,15.113336698030093,0.4225694127004417,0.015113336698030092,0.00288152974586334,110587.32027671757,13290.248755784145,0.4801670146137787,137.5473903966597,136.42171189979123,False,,0.19492519467428063,0.048513244221726676
speed,speed_64_192,2395,2020-01-01,2026-07-22,0.2821697205300364,0.03860638186151433,0.21965542180566075,0.2893392038440745,0.4198300186752949,-0.4345554132053173,0.7888958175936321,-0.2199996024912112,0.6552874978682661,-0.2254096510840221,11.596291120558044,0.37926620561815033,0.011596291120558046,0.01829228673588877,93118.67510322797,-35514.56400423786,0.4488517745302714,121.721503131524,118.90480167014614,False,,0.19812322431664878,0.04057178617746951
speed,speed_fast_ensemble,2395,2020-01-01,2026-07-22,1.7702901648514384,0.16799563351039204,0.20146754716551044,0.8713101539450082,1.0177136174295836,-0.36120009426909117,0.7429884099729114,1.0615435871745453,0.6627066004120679,0.666132896907295,27.65460131387278,0.3879048456613947,0.027654601313872783,-5.5681107216525864e-05,146790.80144042772,64739.638678492665,0.4847599164926931,145.84926931106472,143.28434237995825,False,,0.18924037324851686,0.05636388540286344
speed,speed_slow_ensemble,2395,2020-01-01,2026-07-22,1.2041036442094932,0.12799933950064846,0.19678629582701648,0.7100047579530475,0.8737212805342035,-0.2951527915455755,0.6197802987414717,0.8381376129621818,0.48439556704209674,0.48484924985429156,14.7241591611134,0.43097874914134787,0.014724159161113401,0.016217854000429622,139754.34285362734,12994.15476657392,0.4810020876826722,139.321503131524,136.42171189979123,False,,0.19595785911782262,0.04544897593975335
speed,speed_wide_ensemble,2395,2020-01-01,2026-07-22,1.8533581417798115,0.17326652077719573,0.19693567724075436,0.9096029413210699,1.0603945709677178,-0.36568527585096444,0.5505749215277336,1.4012697132550995,0.40431534447813955,1.0318500064813816,18.299562060888853,0.4210074679691844,0.01829956206088885,0.009597328864054126,168528.69618749034,48401.373489367674,0.48768267223382045,145.23590814196243,143.28434237995825,False,,0.19368829230937007,0.04932314452335775
target,vol_target_0.1,2395,2020-01-01,2026-07-22,0.910157330109161,0.10365966677465499,0.09963434110633002,1.0397499866982074,1.1537598823109323,-0.15476837457267545,0.6828811167731758,1.5371369506712196,0.271831198737259,0.5018953238493173,8.302491284296005,0.20925213240252338,0.008302491284296006,0.001990609496885818,79098.55495789266,21213.027935986505,0.48768267223382045,145.0204592901879,143.28434237995825,False,,0.09747689497577326,0.024039111033317868
target,vol_target_0.2,2395,2020-01-01,2026-07-22,2.4208230602165988,0.2061517497028693,0.1991373684128463,1.0405665930198096,1.1540303026778966,-0.30129577671601226,0.682845852916539,1.5388579742410073,0.5603616417735964,1.1923270661333967,17.13170532068179,0.41847572718133974,0.01713170532068179,0.00011809141049022634,188731.53662884852,74638.86234102258,0.48768267223382045,145.0204592901879,143.28434237995825,False,,0.1948511855004026,0.047981701557964974
target,vol_target_0.4,2395,2020-01-01,2026-07-22,7.924764736240107,0.3959560413488734,0.3971472940862552,1.0372855751804002,1.1502210921223965,-0.5535023298658239,0.6821068712567826,1.5329712383024934,1.1086993626725605,3.232355211095089,35.474810403701724,0.8330710497160143,0.03547481040370173,-0.013155164371561175,485453.78142657643,355766.2595110758,0.4868475991649269,144.980375782881,143.28434237995825,False,,0.3884441431489125,0.09577047165836619
clusters,clusters_2,2395,2020-01-01,2026-07-22,1.2251376271440044,0.12963327905421362,0.21540184946508495,0.6694854186956851,0.8415460501942875,-0.26297404099356836,0.6865096145518187,0.6421801539183206,0.6865514518243883,0.3193416807634373,10.42459332871642,0.4179157721406338,0.010424593328716418,0.02664282157977304,162652.30523336856,1709.03905984449,0.48434237995824636,148.37828810020878,143.28434237995825,False,,0.19519755733664307,0.038420286903832916
clusters,clusters_4,2395,2020-01-01,2026-07-22,1.0771135865093195,0.1178440169226973,0.20368814742378777,0.6477621375229339,0.801942958616418,-0.24821552024363946,0.5799565299739026,0.7507586272075341,0.47338179699695404,0.40975922923908215,13.353481289019578,0.41782679966114644,0.01335348128901958,0.01860171475071343,116021.1900977797,23580.80219819554,0.48183716075156574,147.5837160751566,143.28434237995825,False,,0.19674962268719431,0.04333758072772261
clusters,clusters_8,2395,2020-01-01,2026-07-22,2.4208230602165988,0.2061517497028693,0.1991373684128463,1.0405665930198096,1.1540303026778966,-0.30129577671601226,0.682845852916539,1.5388579742410073,0.5603616417735964,1.1923270661333967,17.13170532068179,0.41847572718133974,0.01713170532068179,0.00011809141049022634,188731.53662884852,74638.86234102258,0.48768267223382045,145.0204592901879,143.28434237995825,False,,0.1948511855004026,0.047981701557964974
clusters,clusters_16,2395,2020-01-01,2026-07-22,3.2723341797637016,0.24771071733112127,0.20199784027503004,1.1964728785879115,1.3039279665151102,-0.2214678573445723,0.9539296270579267,1.5246907118471975,0.9040762426367706,1.2437831448636532,19.25219937772766,0.4616216950410476,0.019252199377727663,-0.007173075346297129,200811.48802649113,142412.4886276073,0.4981210855949896,99.10563674321503,143.28434237995825,False,,0.19457900286494942,0.054658029115119695
universe,volume_floor_1m,2395,2020-01-01,2026-07-22,2.7569361810827577,0.22350332479659052,0.19814139451291146,1.116990496604413,1.300803445993685,-0.20862452936828924,1.1303863781476458,1.0997616783540625,1.2073517380006078,0.7020106566639646,15.879044766640765,0.4978837460429124,0.015879044766640767,0.022577399435297133,332946.9196069313,294.3361832631308,0.4847599164926931,193.87098121085594,189.29102296450938,False,,0.1939587657616966,0.04926581427040565
universe,volume_floor_5m,2395,2020-01-01,2026-07-22,2.4208230602165988,0.2061517497028693,0.1991373684128463,1.0405665930198096,1.1540303026778966,-0.30129577671601226,0.682845852916539,1.5388579742410073,0.5603616417735964,1.1923270661333967,17.13170532068179,0.41847572718133974,0.01713170532068179,0.00011809141049022634,188731.53662884852,74638.86234102258,0.48768267223382045,145.0204592901879,143.28434237995825,False,,0.1948511855004026,0.047981701557964974
universe,volume_floor_25m,2395,2020-01-01,2026-07-22,0.6945363766562735,0.0836961934096001,0.1992401222801009,0.502969769529328,0.5617310070981071,-0.46051340250207495,0.40678718971213634,0.6291481564143135,0.2551102796813858,0.35010955139849353,13.686007417029987,0.35286661008869163,0.013686007417029987,-0.0038169159940598064,72940.31164721157,6074.714220470274,0.4897703549060543,71.79874739039666,71.13319415448852,False,,0.19778853157099435,0.0467070819370145
universe,volume_floor_100m,2395,2020-01-01,2026-07-22,0.8179220670735408,0.09536658070217952,0.1887961881396619,0.576771414073687,0.5617735968966034,-0.35484951786300856,0.7459944688368731,0.3536150991661047,0.5922870911358262,0.14170495835443986,12.679227376256646,0.33147570965431356,0.012679227376256647,-0.017531854362827077,58529.69105414287,18776.78104468632,0.4663883089770355,28.248851774530273,28.35615866388309,False,,0.1973223518947421,0.04357272559469204
short_cap,short_cap_1pct,2395,2020-01-01,2026-07-22,1.9788147622269632,0.18098566163281027,0.18203863919164417,1.004608988257765,1.1375477359262967,-0.3397759436219261,0.8353785519782113,1.2515998761214366,0.6958573344986705,0.7565243854121493,11.071853575951403,0.31587918606506565,0.0110718535759514,0.009444910279957476,202902.0882649662,21171.68119390198,0.4906054279749478,145.0133611691023,143.28434237995825,False,,0.17364561852615606,0.04726275184321251
short_cap,short_cap_2pct,2395,2020-01-01,2026-07-22,2.098140343723318,0.18807598051601282,0.1817156905662604,1.0390091954473257,1.1739312421267771,-0.3204148498745557,0.82652308675397,1.3438273155698455,0.6771843634285755,0.8472270617822604,11.995389063073898,0.33139303851092505,0.011995389063073897,0.008369809180560985,199758.63506734953,35919.17248703813,0.4918580375782881,145.0133611691023,143.28434237995825,False,,0.17237326793616056,0.04725014533053116
short_cap,short_cap_5pct,2395,2020-01-01,2026-07-22,2.3997618899217863,0.20501705980243345,0.1872650070558629,1.0892681452483428,1.2269231902483657,-0.27713362342381853,0.8248917714651574,1.462066614824702,0.6916911539222199,1.0096823714183114,14.167561369386283,0.3659444896197994,0.014167561369386284,0.00670371045847049,198005.59145129003,68909.45551080296,0.4839248434237996,145.0204592901879,143.28434237995825,False,,0.17837049467677704,0.04751328942292094
short_cap,short_cap_10pct,2395,2020-01-01,2026-07-22,2.5557069880338297,0.21328150447024696,0.1954767544200678,1.086513629707568,1.2177685676940748,-0.28725337893484615,0.7422229843535575,1.5655910516513907,0.6187680692095974,1.196551226618888,15.955673558373833,0.3972743166925337,0.01595567355837383,0.004263924257345505,193281.39460793458,87978.22229574253,0.4826722338204593,145.0204592901879,143.28434237995825,False,,0.18886313773444477,0.047754180186872795
